--PROD_BOARD
--아우터
INSERT INTO PROD_BOARD(PROD_NO,PROD_COLOR,PROD_NAME,PROD_DETAIL,PROD_COST,LPROD_NO)
 VALUES(1000000001,'NAVY','벌룬슬리브가디건','12게이지의 원사로 짜인 칼라 니트카디건',72000,'A0001');

INSERT INTO PROD_BOARD(PROD_NO,PROD_COLOR,PROD_NAME,PROD_DETAIL,PROD_COST,LPROD_NO)
 VALUES(1000000002,'WHITE','벌룬슬리브가디건','12게이지의 원사로 짜인 칼라 니트카디건',72000,'A0001');
 
INSERT INTO PROD_BOARD(PROD_NO,PROD_COLOR,PROD_NAME,PROD_DETAIL,PROD_COST,LPROD_NO)
 VALUES(1000000003,'GREEN','벌룬슬리브가디건','12게이지의 원사로 짜인 칼라 니트카디건',72000,'A0001');
 
INSERT INTO PROD_BOARD(PROD_NO,PROD_COLOR,PROD_NAME,PROD_DETAIL,PROD_COST,LPROD_NO)
 VALUES(1000000004,'BLACK','가드닝베리후드집업','두께감있게 짜인 쿠션방적 원단으로 제작된 집업 후디',92000,'A0001');

INSERT INTO PROD_BOARD(PROD_NO,PROD_COLOR,PROD_NAME,PROD_DETAIL,PROD_COST,LPROD_NO)
 VALUES(1000000005,'GREY','가드닝베리후드집업','두께감있게 짜인 쿠션방적 원단으로 제작된 집업 후디',92000,'A0001');
 
INSERT INTO PROD_BOARD(PROD_NO,PROD_COLOR,PROD_NAME,PROD_DETAIL,PROD_COST,LPROD_NO)
 VALUES(1000000006,'WHITE','숄더테이핑저지 후드집업','팔부분배색이 포인트인 기모 후드집업',119000,'A0001');
 
INSERT INTO PROD_BOARD(PROD_NO,PROD_COLOR,PROD_NAME,PROD_DETAIL,PROD_COST,LPROD_NO)
 VALUES(1000000007,'YELLOW','가슴포켓우븐자켓','크롭형태인 트렌디한 자켓',149000,'A0001');
 
INSERT INTO PROD_BOARD(PROD_NO,PROD_COLOR,PROD_NAME,PROD_DETAIL,PROD_COST,LPROD_NO)
 VALUES(1000000008,'MINT','레터링항공점퍼','뒷면 등과 소매 레터링 프린팅으로 포인트',89800,'A0001');
 
INSERT INTO PROD_BOARD(PROD_NO,PROD_COLOR,PROD_NAME,PROD_DETAIL,PROD_COST,LPROD_NO)
 VALUES(1000000009,'VIOLET','레터링항공점퍼','뒷면 등과 소매 레터링 프린팅으로 포인트',89800,'A0001');
 
INSERT INTO PROD_BOARD(PROD_NO,PROD_COLOR,PROD_NAME,PROD_DETAIL,PROD_COST,LPROD_NO)
 VALUES(1000000010,'BLACK','레터링항공점퍼','뒷면 등과 소매 레터링 프린팅으로 포인트',89800,'A0001');
 
INSERT INTO PROD_BOARD(PROD_NO,PROD_COLOR,PROD_NAME,PROD_DETAIL,PROD_COST,LPROD_NO)
 VALUES(1000000011,'CAMEL','울수트코트','부드러운 촉감과 은은한 광택감이 돋보이는 울코트',244000,'A0001');

INSERT INTO PROD_BOARD(PROD_NO,PROD_COLOR,PROD_NAME,PROD_DETAIL,PROD_COST,LPROD_NO)
 VALUES(1000000012,'BLACK','울수트코트','부드러운 촉감과 은은한 광택감이 돋보이는 울코트',244000,'A0001');
 
INSERT INTO PROD_BOARD(PROD_NO,PROD_COLOR,PROD_NAME,PROD_DETAIL,PROD_COST,LPROD_NO)
 VALUES(1000000013,'NAVY','시그니처 아가일 크롭니트가디건','브이넥 디자인, 써클로고자수',69000,'A0001');
 
INSERT INTO PROD_BOARD(PROD_NO,PROD_COLOR,PROD_NAME,PROD_DETAIL,PROD_COST,LPROD_NO)
 VALUES(1000000014,'GREY','시그니처 아가일 크롭니트가디건','브이넥 디자인, 써클로고자수',69000,'A0001');

INSERT INTO PROD_BOARD(PROD_NO,PROD_COLOR,PROD_NAME,PROD_DETAIL,PROD_COST,LPROD_NO)
 VALUES(1000000015,'BLACK','시그니처 아가일 크롭니트가디건','브이넥 디자인, 써클로고자수',69000,'A0001');
 
INSERT INTO PROD_BOARD(PROD_NO,PROD_COLOR,PROD_NAME,PROD_DETAIL,PROD_COST,LPROD_NO)
 VALUES(1000000016,'YELLOW','로고자수 면혼방 가디건','기본카라디자인의 깔끔한 가디건',179000,'A0001');
 
INSERT INTO PROD_BOARD(PROD_NO,PROD_COLOR,PROD_NAME,PROD_DETAIL,PROD_COST,LPROD_NO)
 VALUES(1000000017,'BLACK','로고자수 면혼방 가디건','기본카라디자인의 깔끔한 가디건',179000,'A0001');
 
INSERT INTO PROD_BOARD(PROD_NO,PROD_COLOR,PROD_NAME,PROD_DETAIL,PROD_COST,LPROD_NO)
 VALUES(1000000018,'IVORY','카라집업점퍼','볼륨감있는 풍성한 실루엣과 2WAY지퍼',279000,'A0001');
 
INSERT INTO PROD_BOARD(PROD_NO,PROD_COLOR,PROD_NAME,PROD_DETAIL,PROD_COST,LPROD_NO)
 VALUES(1000000019,'NAVY','카라집업점퍼','볼륨감있는 풍성한 실루엣과 2WAY지퍼',279000,'A0001');
 
INSERT INTO PROD_BOARD(PROD_NO,PROD_COLOR,PROD_NAME,PROD_DETAIL,PROD_COST,LPROD_NO)
 VALUES(1000000020,'BLACK','카라집업점퍼','볼륨감있는 풍성한 실루엣과 2WAY지퍼',279000,'A0001');
 
INSERT INTO PROD_BOARD(PROD_NO,PROD_COLOR,PROD_NAME,PROD_DETAIL,PROD_COST,LPROD_NO)
 VALUES(1000000021,'BEIGE','윈드브레이크점퍼','겉감은 탄탄한 소재,드로우스트링으로 다양한 연출가능',279000,'A0001');

INSERT INTO PROD_BOARD(PROD_NO,PROD_COLOR,PROD_NAME,PROD_DETAIL,PROD_COST,LPROD_NO)
 VALUES(1000000022,'BLACK','윈드브레이크점퍼','겉감은 탄탄한 소재,드로우스트링으로 다양한 연출가능',279000,'A0001');
 
INSERT INTO PROD_BOARD(PROD_NO,PROD_COLOR,PROD_NAME,PROD_DETAIL,PROD_COST,LPROD_NO)
 VALUES(1000000023,'GREY','버튼자켓','무게감있는 원단감이 가지고있는 특징인 안정적인 실루엣',2200000,'A0001');
 
INSERT INTO PROD_BOARD(PROD_NO,PROD_COLOR,PROD_NAME,PROD_DETAIL,PROD_COST,LPROD_NO)
 VALUES(1000000024,'BLUE','버튼자켓','무게감있는 원단감이 가지고있는 특징인 안정적인 실루엣',2200000,'A0001');

INSERT INTO PROD_BOARD(PROD_NO,PROD_COLOR,PROD_NAME,PROD_DETAIL,PROD_COST,LPROD_NO)
 VALUES(1000000025,'BEIGE','리버서블후드웜업','부드러운 터치감과 배색패턴 절개라인 포인트',99900,'A0001');
 
INSERT INTO PROD_BOARD(PROD_NO,PROD_COLOR,PROD_NAME,PROD_DETAIL,PROD_COST,LPROD_NO)
 VALUES(1000000026,'BLACK','리버서블후드웜업','부드러운 터치감과 배색패턴 절개라인 포인트',99900,'A0001');
 
INSERT INTO PROD_BOARD(PROD_NO,PROD_COLOR,PROD_NAME,PROD_DETAIL,PROD_COST,LPROD_NO)
 VALUES(1000000027,'PINK','유니덤블집업','풍성하고 부드러운 퍼소재',99000,'A0001');
 
INSERT INTO PROD_BOARD(PROD_NO,PROD_COLOR,PROD_NAME,PROD_DETAIL,PROD_COST,LPROD_NO)
 VALUES(1000000028,'BROWN','유니덤블집업','풍성하고 부드러운 퍼소재',99000,'A0001');
 
INSERT INTO PROD_BOARD(PROD_NO,PROD_COLOR,PROD_NAME,PROD_DETAIL,PROD_COST,LPROD_NO)
 VALUES(1000000029,'BLUE','유니덤블집업','풍성하고 부드러운 퍼소재',99000,'A0001');
 
INSERT INTO PROD_BOARD(PROD_NO,PROD_COLOR,PROD_NAME,PROD_DETAIL,PROD_COST,LPROD_NO)
 VALUES(1000000030,'BLACK','유니덤블집업','풍성하고 부드러운 퍼소재',99000,'A0001');
 
INSERT INTO PROD_BOARD(PROD_NO,PROD_COLOR,PROD_NAME,PROD_DETAIL,PROD_COST,LPROD_NO)
 VALUES(1000000031,'GREEN','리버서블항공점퍼','뒤집으면 트렌디한 퀄팅패턴으로 다양한 코디 가능',120000,'A0001');

INSERT INTO PROD_BOARD(PROD_NO,PROD_COLOR,PROD_NAME,PROD_DETAIL,PROD_COST,LPROD_NO)
 VALUES(1000000032,'WHITE','윈드브레이크점퍼','뒤집으면 트렌디한 퀄팅패턴으로 다양한 코디 가능',120000,'A0001');
 
INSERT INTO PROD_BOARD(PROD_NO,PROD_COLOR,PROD_NAME,PROD_DETAIL,PROD_COST,LPROD_NO)
 VALUES(1000000033,'BLACK','리버서블 보아 숏푸퍼','가벼운 무게로 어디서는 활용가능한 숏패딩',80000,'A0001');
 
INSERT INTO PROD_BOARD(PROD_NO,PROD_COLOR,PROD_NAME,PROD_DETAIL,PROD_COST,LPROD_NO)
 VALUES(1000000034,'WHITE','리버서블 보아 숏푸퍼','가벼운 무게로 어디서는 활용가능한 숏패딩',80000,'A0001');

INSERT INTO PROD_BOARD(PROD_NO,PROD_COLOR,PROD_NAME,PROD_DETAIL,PROD_COST,LPROD_NO)
 VALUES(1000000035,'BLACK','로고양털후리스자켓','두꺼운 덤블원단을 사용하여 탄탄한 핏을 잡아줌',79000,'A0001');
 
INSERT INTO PROD_BOARD(PROD_NO,PROD_COLOR,PROD_NAME,PROD_DETAIL,PROD_COST,LPROD_NO)
 VALUES(1000000036,'IVORY','버블링퀄팅리버시블자켓','자수 심볼로고와 아웃포켓 포인트',219000,'A0001');
 
INSERT INTO PROD_BOARD(PROD_NO,PROD_COLOR,PROD_NAME,PROD_DETAIL,PROD_COST,LPROD_NO)
 VALUES(1000000037,'BLUE','버블링퀄팅리버시블자켓','자수 심볼로고와 아웃포켓 포인트',219000,'A0001');
 
INSERT INTO PROD_BOARD(PROD_NO,PROD_COLOR,PROD_NAME,PROD_DETAIL,PROD_COST,LPROD_NO)
 VALUES(1000000038,'BLACK','버블링퀄팅리버시블자켓','자수 심볼로고와 아웃포켓 포인트',219000,'A0001');
 
INSERT INTO PROD_BOARD(PROD_NO,PROD_COLOR,PROD_NAME,PROD_DETAIL,PROD_COST,LPROD_NO)
 VALUES(1000000039,'BLACK','코지오버점퍼','부드러운 퍼소재의 시크한 느낌을 주는 점퍼',147000,'A0001');
 
INSERT INTO PROD_BOARD(PROD_NO,PROD_COLOR,PROD_NAME,PROD_DETAIL,PROD_COST,LPROD_NO)
 VALUES(1000000040,'GREY','코지오버점퍼','부드러운 퍼소재의 시크한 느낌을 주는 점퍼',147000,'A0001');

INSERT INTO PROD_BOARD(PROD_NO,PROD_COLOR,PROD_NAME,PROD_DETAIL,PROD_COST,LPROD_NO)
 VALUES(1000000041,'WHITE','컨트라스트울트위드재킷','두께감있는 울 혼방제품, 넥타이는 탈부착가능',388000,'A0001');

INSERT INTO PROD_BOARD(PROD_NO,PROD_COLOR,PROD_NAME,PROD_DETAIL,PROD_COST,LPROD_NO)
 VALUES(1000000042,'PINK','컨트라스트울트위드재킷','두께감있는 울 혼방제품, 넥타이는 탈부착가능',388000,'A0001');
 
INSERT INTO PROD_BOARD(PROD_NO,PROD_COLOR,PROD_NAME,PROD_DETAIL,PROD_COST,LPROD_NO)
 VALUES(1000000043,'BLACK','테리트위드자켓','코튼양면테리소재로 탄탄하며 보온성이 좋음',228000,'A0001');
 
INSERT INTO PROD_BOARD(PROD_NO,PROD_COLOR,PROD_NAME,PROD_DETAIL,PROD_COST,LPROD_NO)
 VALUES(1000000044,'BROWN','테리트위드자켓','코튼양면테리소재로 탄탄하며 보온성이 좋음',228000,'A0001');

INSERT INTO PROD_BOARD(PROD_NO,PROD_COLOR,PROD_NAME,PROD_DETAIL,PROD_COST,LPROD_NO)
 VALUES(1000000045,'MINT','테리트위드자켓','코튼양면테리소재로 탄탄하며 보온성이 좋음',228000,'A0001');
 
INSERT INTO PROD_BOARD(PROD_NO,PROD_COLOR,PROD_NAME,PROD_DETAIL,PROD_COST,LPROD_NO)
 VALUES(1000000046,'WHITE','미드데이린넨자켓','고급린넨원단으로 제작된 썸머자켓',228000,'A0001');
 
INSERT INTO PROD_BOARD(PROD_NO,PROD_COLOR,PROD_NAME,PROD_DETAIL,PROD_COST,LPROD_NO)
 VALUES(1000000047,'BROWN','벨티드체크사파리자켓','가벼운간절기용 체크 사파리 자켓',245000,'A0001');
 
INSERT INTO PROD_BOARD(PROD_NO,PROD_COLOR,PROD_NAME,PROD_DETAIL,PROD_COST,LPROD_NO)
 VALUES(1000000048,'IVORY','벨티드체크사파리자켓','가벼운간절기용 체크 사파리 자켓',245000,'A0001');
 
INSERT INTO PROD_BOARD(PROD_NO,PROD_COLOR,PROD_NAME,PROD_DETAIL,PROD_COST,LPROD_NO)
 VALUES(1000000049,'BLACK','벨티드블레이저','박시한 핏의 싱글버튼블레이저',235000,'A0001');
 
INSERT INTO PROD_BOARD(PROD_NO,PROD_COLOR,PROD_NAME,PROD_DETAIL,PROD_COST,LPROD_NO)
 VALUES(1000000050,'GREY','벨티드블레이저','박시한 핏의 싱글버튼블레이저',235000,'A0001');


--상의
 INSERT INTO PROD_BOARD(PROD_NO, PROD_COLOR, PROD_NAME, PROD_DETAIL, PROD_COST, LPROD_NO)
 VALUES(2000000001, 'WHITE', '지프 하프넥 엠로고 맨투맨', '산맥 일러스트로 포인트를 준 하프넥 맨투맨 티셔츠', 69000, 'B0001');
 INSERT INTO PROD_BOARD(PROD_NO, PROD_COLOR, PROD_NAME, PROD_DETAIL, PROD_COST, LPROD_NO)
 VALUES(2000000002, 'BLACK', '지프 하프넥 엠로고 맨투맨', '산맥 일러스트로 포인트를 준 하프넥 맨투맨 티셔츠', 69000, 'B0001');
 INSERT INTO PROD_BOARD(PROD_NO, PROD_COLOR, PROD_NAME, PROD_DETAIL, PROD_COST, LPROD_NO)
 VALUES(2000000003, 'GREY', '지프 하프넥 엠로고 맨투맨', '산맥 일러스트로 포인트를 준 하프넥 맨투맨 티셔츠', 69000, 'B0001');     
 INSERT INTO PROD_BOARD(PROD_NO, PROD_COLOR, PROD_NAME, PROD_DETAIL, PROD_COST, LPROD_NO)
 VALUES(2000000004, 'NAVY', '지프 하프넥 엠로고 맨투맨', '산맥 일러스트로 포인트를 준 하프넥 맨투맨 티셔츠', 69000, 'B0001');     
 INSERT INTO PROD_BOARD(PROD_NO, PROD_COLOR, PROD_NAME, PROD_DETAIL, PROD_COST, LPROD_NO)
 VALUES(2000000005, 'NAVY', '예스아이씨 아치 로고 후드티', '가운데에 빨간색 로고가 있는 후드티', 84000, 'B0001');    
 INSERT INTO PROD_BOARD(PROD_NO, PROD_COLOR, PROD_NAME, PROD_DETAIL, PROD_COST, LPROD_NO)
 VALUES(2000000006, 'NAVY', '커버낫 럭비 맨투맨', '럭비 티셔츠를 커버낫만의 스타일로 해석하여 디자인한 럭비 맨투맨', 79000, 'B0001');    
 INSERT INTO PROD_BOARD(PROD_NO, PROD_COLOR, PROD_NAME, PROD_DETAIL, PROD_COST, LPROD_NO)
 VALUES(2000000007, 'GREEN', '커버낫 럭비 맨투맨', '럭비 티셔츠를 커버낫만의 스타일로 해석하여 디자인한 럭비 맨투맨', 79000, 'B0001');   
 INSERT INTO PROD_BOARD(PROD_NO, PROD_COLOR, PROD_NAME, PROD_DETAIL, PROD_COST, LPROD_NO)
 VALUES(2000000008, 'GREY', '커버낫 럭비 맨투맨', '럭비 티셔츠를 커버낫만의 스타일로 해석하여 디자인한 럭비 맨투맨', 79000, 'B0001');     
 INSERT INTO PROD_BOARD(PROD_NO, PROD_COLOR, PROD_NAME, PROD_DETAIL, PROD_COST, LPROD_NO)
 VALUES(2000000009, 'WHITE', '와릿이즌 서핑엔젤 반팔 티셔츠', '바나나가 서핑보드를 타는 그림이 그려진 반팔 티셔츠', 39000, 'B0001');   
 INSERT INTO PROD_BOARD(PROD_NO, PROD_COLOR, PROD_NAME, PROD_DETAIL, PROD_COST, LPROD_NO)
 VALUES(2000000010, 'BLACK', '와릿이즌 서핑엔젤 반팔 티셔츠', '바나나가 서핑보드를 타는 그림이 그려진 반팔 티셔츠', 39000, 'B0001');
 INSERT INTO PROD_BOARD(PROD_NO, PROD_COLOR, PROD_NAME, PROD_DETAIL, PROD_COST, LPROD_NO)
 VALUES(2000000011, 'WHITE', '지오다노 레이어드 반팔 티셔츠', '여유 있는 기장감으로 다양한 상의 안에 레이어드 할 수 있는 티셔츠', 19800, 'B0001');
 INSERT INTO PROD_BOARD(PROD_NO, PROD_COLOR, PROD_NAME, PROD_DETAIL, PROD_COST, LPROD_NO)
 VALUES(2000000012, 'BLACK', '지오다노 레이어드 반팔 티셔츠', '여유 있는 기장감으로 다양한 상의 안에 레이어드 할 수 있는 티셔츠', 19800, 'B0001');
 INSERT INTO PROD_BOARD(PROD_NO, PROD_COLOR, PROD_NAME, PROD_DETAIL, PROD_COST, LPROD_NO)
 VALUES(2000000013, 'GREY', '페플 오리지널무지 기모 후드티', '두툼한 두께감의 기모 원단에 오랜 세탁에도 축률이 적은 보온성이 뛰어난 제품', 32500, 'B0001');
 INSERT INTO PROD_BOARD(PROD_NO, PROD_COLOR, PROD_NAME, PROD_DETAIL, PROD_COST, LPROD_NO)
 VALUES(2000000014, 'RED', '챔피온 파워블랜드 무지 맨투맨', '왼쪽 소매에 C로고 패치 포인트가 있는 무지 맨투맨', 69000, 'B0001');
 INSERT INTO PROD_BOARD(PROD_NO, PROD_COLOR, PROD_NAME, PROD_DETAIL, PROD_COST, LPROD_NO)
 VALUES(2000000015, 'GREEN', '챔피온 파워블랜드 무지 맨투맨', '왼쪽 소매에 C로고 패치 포인트가 있는 무지 맨투맨', 69000, 'B0001');              
 INSERT INTO PROD_BOARD(PROD_NO, PROD_COLOR, PROD_NAME, PROD_DETAIL, PROD_COST, LPROD_NO)
 VALUES(2000000016, 'PURPLE', '에프씨엠엠 클럽 에센셜 맨투맨', '왼쪽에 작은 로고가 있는 기모 맨투맨', 30000, 'B0001');
 INSERT INTO PROD_BOARD(PROD_NO, PROD_COLOR, PROD_NAME, PROD_DETAIL, PROD_COST, LPROD_NO)
 VALUES(2000000017, 'GREY', '예일 투톤 아치 후드티', '가운데에 로고가 그려진 오버핏 후드티', 79000, 'B0001');    
 INSERT INTO PROD_BOARD(PROD_NO, PROD_COLOR, PROD_NAME, PROD_DETAIL, PROD_COST, LPROD_NO)
 VALUES(2000000018, 'BEIGE', '예일 투톤 아치 후드티', '가운데에 로고가 그려진 오버핏 후드티', 79000, 'B0001');     
 INSERT INTO PROD_BOARD(PROD_NO, PROD_COLOR, PROD_NAME, PROD_DETAIL, PROD_COST, LPROD_NO)
 VALUES(2000000019, 'BROWN', '예일 투톤 아치 후드티', '가운데에 로고가 그려진 오버핏 후드티', 79000, 'B0001'); 
 INSERT INTO PROD_BOARD(PROD_NO, PROD_COLOR, PROD_NAME, PROD_DETAIL, PROD_COST, LPROD_NO)
 VALUES(2000000020, 'KHAKI', '예일 투톤 아치 후드티', '가운데에 로고가 그려진 오버핏 후드티', 79000, 'B0001'); 
 INSERT INTO PROD_BOARD(PROD_NO, PROD_COLOR, PROD_NAME, PROD_DETAIL, PROD_COST, LPROD_NO)
 VALUES(2000000021, 'BURGUNDY', '리 빅 트위치 루즈핏 후드티', '트위치 로고가 빅 사이즈로 그려져 있으며 자연스러운 루즈핏의 후드티', 79000, 'B0001');                              
 INSERT INTO PROD_BOARD(PROD_NO, PROD_COLOR, PROD_NAME, PROD_DETAIL, PROD_COST, LPROD_NO)
 VALUES(2000000022, 'IVORY', '리 빅 트위치 루즈핏 후드티', '트위치 로고가 빅 사이즈로 그려져 있으며 자연스러운 루즈핏의 후드티', 79000, 'B0001');                                 
 INSERT INTO PROD_BOARD(PROD_NO, PROD_COLOR, PROD_NAME, PROD_DETAIL, PROD_COST, LPROD_NO)
 VALUES(2000000023, 'OLIVE', '티떠블유엔 슬레이크 후드티', '아치형태의 자수와 트윌 조직감의 원단 아플리케가 특징인 후드티', 38900, 'B0001');                                 
 INSERT INTO PROD_BOARD(PROD_NO, PROD_COLOR, PROD_NAME, PROD_DETAIL, PROD_COST, LPROD_NO)
 VALUES(2000000024, 'MINT', '엠엠엘지 1987엠엠엘지 후드티', '원단이 소프트하고 얇은 두께의 기모감으로 보온력이 좋은 후드티', 79000, 'B0001');                              
 INSERT INTO PROD_BOARD(PROD_NO, PROD_COLOR, PROD_NAME, PROD_DETAIL, PROD_COST, LPROD_NO)
 VALUES(2000000025, 'CHARCOAL', '엠엠엘지 1987엠엠엘지 후드티', '원단이 소프트하고 얇은 두께의 기모감으로 보온력이 좋은 후드티', 79000, 'B0001');                          
 INSERT INTO PROD_BOARD(PROD_NO, PROD_COLOR, PROD_NAME, PROD_DETAIL, PROD_COST, LPROD_NO)
 VALUES(2000000026, 'PINK', '그루브라임 로케이션 반팔 티셔츠', '부드러운 터치감의 원단에 내구성과 신축성이 좋은 반팔티', 58000, 'B0001');                               
 INSERT INTO PROD_BOARD(PROD_NO, PROD_COLOR, PROD_NAME, PROD_DETAIL, PROD_COST, LPROD_NO)
 VALUES(2000000027, 'YELLOW', '그루브라임 로케이션 반팔 티셔츠', '부드러운 터치감의 원단에 내구성과 신축성이 좋은 반팔티', 58000, 'B0001');                              
 INSERT INTO PROD_BOARD(PROD_NO, PROD_COLOR, PROD_NAME, PROD_DETAIL, PROD_COST, LPROD_NO)
 VALUES(2000000028, 'PURPLE', '그루브라임 로케이션 반팔 티셔츠', '부드러운 터치감의 원단에 내구성과 신축성이 좋은 반팔티', 58000, 'B0001');                             
 INSERT INTO PROD_BOARD(PROD_NO, PROD_COLOR, PROD_NAME, PROD_DETAIL, PROD_COST, LPROD_NO)
 VALUES(2000000029, 'ORANGE', '디스이즈네버댓 티 로고 반팔 티셔츠', '가운데와 뒤에 작은 로고가 그려져 있는 반팔티', 39000, 'B0001');                             
 INSERT INTO PROD_BOARD(PROD_NO, PROD_COLOR, PROD_NAME, PROD_DETAIL, PROD_COST, LPROD_NO)
 VALUES(2000000030, 'BURGUNDY', '디스이즈네버댓 티 로고 반팔 티셔츠', '가운데와 뒤에 작은 로고가 그려져 있는 반팔티', 39000, 'B0001');                            
 INSERT INTO PROD_BOARD(PROD_NO, PROD_COLOR, PROD_NAME, PROD_DETAIL, PROD_COST, LPROD_NO)
 VALUES(2000000031, 'BLUE', '이벳필드 베츠 반팔 티셔츠', '이벳필드의 시그니처 아트웍인 어센틱 베츠 로고가 그려져 있는 반팔티', 39000, 'B0001');                              
 INSERT INTO PROD_BOARD(PROD_NO, PROD_COLOR, PROD_NAME, PROD_DETAIL, PROD_COST, LPROD_NO)
 VALUES(2000000032, 'BLACK', '와릿이즌 스트라이프 긴팔 티셔츠', '왼쪽에 엔젤 자수 와펜으로 포인트를 준 줄무늬 긴팔티', 45000, 'B0001');                  
 INSERT INTO PROD_BOARD(PROD_NO, PROD_COLOR, PROD_NAME, PROD_DETAIL, PROD_COST, LPROD_NO)
 VALUES(2000000033, 'BLUE', '와릿이즌 스트라이프 긴팔 티셔츠', '왼쪽에 엔젤 자수 와펜으로 포인트를 준 줄무늬 긴팔티', 45000, 'B0001');    
 INSERT INTO PROD_BOARD(PROD_NO, PROD_COLOR, PROD_NAME, PROD_DETAIL, PROD_COST, LPROD_NO)
 VALUES(2000000034, 'RED', '와릿이즌 스트라이프 긴팔 티셔츠', '왼쪽에 엔젤 자수 와펜으로 포인트를 준 줄무늬 긴팔티', 45000, 'B0001');       
 INSERT INTO PROD_BOARD(PROD_NO, PROD_COLOR, PROD_NAME, PROD_DETAIL, PROD_COST, LPROD_NO)
 VALUES(2000000035, 'IVORY', '이에스엔 퓨어 헤비 긴팔 티셔츠', '퓨어헤비만의 중량감으로 자연스럽게 툭 떨어지는 라인', 90000, 'B0001');                          
 INSERT INTO PROD_BOARD(PROD_NO, PROD_COLOR, PROD_NAME, PROD_DETAIL, PROD_COST, LPROD_NO)
 VALUES(2000000036, 'CHARCOAL', '이에스엔 퓨어 헤비 긴팔 티셔츠', '퓨어헤비만의 중량감으로 자연스럽게 툭 떨어지는 라인', 90000, 'B0001');                              
 INSERT INTO PROD_BOARD(PROD_NO, PROD_COLOR, PROD_NAME, PROD_DETAIL, PROD_COST, LPROD_NO)
 VALUES(2000000037, 'PINK', '이에스엔 퓨어 헤비 긴팔 티셔츠', '퓨어헤비만의 중량감으로 자연스럽게 툭 떨어지는 라인', 90000, 'B0001');                              
 INSERT INTO PROD_BOARD(PROD_NO, PROD_COLOR, PROD_NAME, PROD_DETAIL, PROD_COST, LPROD_NO)
 VALUES(2000000038, 'WHITE', '시티브리즈 그래픽 긴팔 티셔츠', '시티브리즈 시즌 로고와 간절기에 다양하게 활용할 수 있는 기본 긴팔 티셔츠', 36000, 'B0001');      
 INSERT INTO PROD_BOARD(PROD_NO, PROD_COLOR, PROD_NAME, PROD_DETAIL, PROD_COST, LPROD_NO)
 VALUES(2000000039, 'KHAKI', '어커버 포인트 서클 긴팔 티셔츠', '왼쪽 소매 자수 포인트와 앞 나염 프린팅이 포인트인 긴팔 티셔츠', 34000, 'B0001');      
 INSERT INTO PROD_BOARD(PROD_NO, PROD_COLOR, PROD_NAME, PROD_DETAIL, PROD_COST, LPROD_NO)
 VALUES(2000000040, 'CHARCOAL', '어커버 포인트 서클 긴팔 티셔츠', '왼쪽 소매 자수 포인트와 앞 나염 프린팅이 포인트인 긴팔 티셔츠', 34000, 'B0001');                 
 INSERT INTO PROD_BOARD(PROD_NO, PROD_COLOR, PROD_NAME, PROD_DETAIL, PROD_COST, LPROD_NO)
 VALUES(2000000041, 'BROWN', '드로우핏 모크넥 니트 티셔츠', '깔끔한 모크넥 라인과 이너로 활용하기 좋은 세미 오버핏 실루엣', 60000, 'B0001');       
 INSERT INTO PROD_BOARD(PROD_NO, PROD_COLOR, PROD_NAME, PROD_DETAIL, PROD_COST, LPROD_NO)
 VALUES(2000000042, 'BEIGE', '드로우핏 모크넥 니트 티셔츠', '깔끔한 모크넥 라인과 이너로 활용하기 좋은 세미 오버핏 실루엣', 60000, 'B0001');     
 INSERT INTO PROD_BOARD(PROD_NO, PROD_COLOR, PROD_NAME, PROD_DETAIL, PROD_COST, LPROD_NO)
 VALUES(2000000043, 'MINT', '테이크이지 램스울 크루넥 오버 니트', '핫찌조직의 헤비한 증량으로 보온력이 좋은 니트', 54000, 'B0001'); 
 INSERT INTO PROD_BOARD(PROD_NO, PROD_COLOR, PROD_NAME, PROD_DETAIL, PROD_COST, LPROD_NO)
 VALUES(2000000044, 'YELLOW', '테이크이지 램스울 크루넥 오버 니트', '핫찌조직의 헤비한 증량으로 보온력이 좋은 니트', 54000, 'B0001');
 INSERT INTO PROD_BOARD(PROD_NO, PROD_COLOR, PROD_NAME, PROD_DETAIL, PROD_COST, LPROD_NO)
 VALUES(2000000045, 'OLIVE', '테이크이지 램스울 크루넥 오버 니트', '핫찌조직의 헤비한 증량으로 보온력이 좋은 니트', 54000, 'B0001');
 INSERT INTO PROD_BOARD(PROD_NO, PROD_COLOR, PROD_NAME, PROD_DETAIL, PROD_COST, LPROD_NO)
 VALUES(2000000046, 'ORANGE', '니티드 벌키 브러쉬 아가일 니트', '오버핏으로 바탕과 아가일 패턴이 자연스럽게 섞여있는 니트', 89000, 'B0001');
 INSERT INTO PROD_BOARD(PROD_NO, PROD_COLOR, PROD_NAME, PROD_DETAIL, PROD_COST, LPROD_NO)
 VALUES(2000000047, 'BLUE', '스파오 오버핏 옥스포드 셔츠', '아우터처럼 걸칠 수 있는 여유로운 핏의 셔츠', 29900, 'B0001');          
 INSERT INTO PROD_BOARD(PROD_NO, PROD_COLOR, PROD_NAME, PROD_DETAIL, PROD_COST, LPROD_NO)
 VALUES(2000000048, 'BEIGE', '스파오 오버핏 옥스포드 셔츠', '아우터처럼 걸칠 수 있는 여유로운 핏의 셔츠', 29900, 'B0001');
 INSERT INTO PROD_BOARD(PROD_NO, PROD_COLOR, PROD_NAME, PROD_DETAIL, PROD_COST, LPROD_NO)
 VALUES(2000000049, 'IVORY', '유니온블루 런더리 셔츠', '바스락거리는 터치감이 매력적인 셔츠', 62000, 'B0001');
 INSERT INTO PROD_BOARD(PROD_NO, PROD_COLOR, PROD_NAME, PROD_DETAIL, PROD_COST, LPROD_NO)
 VALUES(2000000050, 'WHITE', '테이크이지 솔리드 옥스포드 셔츠', '피치 코튼 원단으로 터치감이 포근한 셔츠', 67000, 'B0001');
 
-- UPDATE PROD_BOARD
--    SET PROD_COLOR = 'GREY'
--  WHERE PROD_NO = 2000000003;
--  
-- UPDATE PROD_BOARD
--    SET PROD_COLOR = 'GREY'
--  WHERE PROD_NO = 2000000008;
--  
-- UPDATE PROD_BOARD
--    SET PROD_COLOR = 'GREY'
--  WHERE PROD_NO = 2000000013;
--  
-- UPDATE PROD_BOARD
--    SET PROD_COLOR = 'GREY'
--  WHERE PROD_NO = 2000000017; 
 
 
 --하의
INSERT INTO PROD_BOARD(PROD_NO, PROD_COLOR, PROD_NAME, PROD_DETAIL, PROD_COST, LPROD_NO)
 VALUES(3000000001, 'GREY', '제로 스웻팬츠', '앞 부분에 깊게 들어간 턱(Tuck)주름으로 인해
 입체감과 트렌디한 실루엣을 연출하는 딥 원 턱 스웻팬츠', 39000, 'C0001');

INSERT INTO PROD_BOARD(PROD_NO, PROD_COLOR, PROD_NAME, PROD_DETAIL, PROD_COST, LPROD_NO)
 VALUES(3000000002, 'LIGHT GREY', '토피 와이드 데님 팬츠', '와이드한 핏감과 탄탄한 데님 소재의 적당한 두께감으로 사계절 착용이 가능하며 총장이
 넉넉하여 발등을 덮는 기장감과 툭 떨어지는 핏이 예술적인 팬츠', 49000, 'C0001');

INSERT INTO PROD_BOARD(PROD_NO, PROD_COLOR, PROD_NAME, PROD_DETAIL, PROD_COST, LPROD_NO)
 VALUES(3000000003, 'LIGHT BLUE', '토피 와이드 데님 팬츠', '와이드한 핏감과 탄탄한 데님 소재의 적당한 두께감으로 사계절 착용이 가능하며 총장이
 넉넉하여 발등을 덮는 기장감과 툭 떨어지는 핏이 예술적인 팬츠', 49000, 'C0001');

INSERT INTO PROD_BOARD(PROD_NO, PROD_COLOR, PROD_NAME, PROD_DETAIL, PROD_COST, LPROD_NO)
 VALUES(3000000004, 'IVORY', '토피 와이드 데님 팬츠', '와이드한 핏감과 탄탄한 데님 소재의 적당한 두께감으로 사계절 착용이 가능하며 총장이
 넉넉하여 발등을 덮는 기장감과 툭 떨어지는 핏이 예술적인 팬츠', 49000, 'C0001');

INSERT INTO PROD_BOARD(PROD_NO, PROD_COLOR, PROD_NAME, PROD_DETAIL, PROD_COST, LPROD_NO)
 VALUES(3000000005, 'BLACK', '토피 와이드 데님 팬츠','와이드한 핏감과 탄탄한 데님 소재의 적당한 두께감으로 사계절 착용이 가능하며 총장이
 넉넉하여 발등을 덮는 기장감과 툭 떨어지는 핏이 예술적인 팬츠', 49000, 'C0001');

INSERT INTO PROD_BOARD(PROD_NO, PROD_COLOR, PROD_NAME, PROD_DETAIL, PROD_COST, LPROD_NO)
 VALUES(3000000006, 'LIGHT GREY', '토피 와이드 조거 스웻 팬츠','헤비한 웨이트의 탄탄한 쮸리 소재로 제작된 조거팬츠이고 와이드한 핏감으로,
  체형에 구애받지 않고 착용되는 팬츠', 39000, 'C0001');
  
INSERT INTO PROD_BOARD(PROD_NO, PROD_COLOR, PROD_NAME, PROD_DETAIL, PROD_COST, LPROD_NO)
 VALUES(3000000007, 'BLACK', '토피 와이드 조거 스웻 팬츠','헤비한 웨이트의 탄탄한 쮸리 소재로 제작된 조거팬츠이고 와이드한 핏감으로,
  체형에 구애받지 않고 착용되는 팬츠', 39000, 'C0001');

INSERT INTO PROD_BOARD(PROD_NO, PROD_COLOR, PROD_NAME, PROD_DETAIL, PROD_COST, LPROD_NO)
 VALUES(3000000008, 'BLACK', '무신사 테이퍼드 히든밴딩 크롭 슬랙스','편안하면서도 슬림한 테이퍼드 핏의 히든 밴딩 크롭 슬랙스.
4%의 폴리우레탄이 포함된 양방향 스트레치 T/R 원단을 사용해 신축성이 뛰어나며 덕분에 자유로운 활동성을 보장', 32900, 'C0001');

INSERT INTO PROD_BOARD(PROD_NO, PROD_COLOR, PROD_NAME, PROD_DETAIL, PROD_COST, LPROD_NO)
 VALUES(3000000009, 'BEIGE', '무신사 테이퍼드 히든밴딩 크롭 슬랙스','편안하면서도 슬림한 테이퍼드 핏의 히든 밴딩 크롭 슬랙스.
4%의 폴리우레탄이 포함된 양방향 스트레치 T/R 원단을 사용해 신축성이 뛰어나며 덕분에 자유로운 활동성을 보장', 32900, 'C0001');

INSERT INTO PROD_BOARD(PROD_NO, PROD_COLOR, PROD_NAME, PROD_DETAIL, PROD_COST, LPROD_NO)
 VALUES(3000000010, 'LIGHT BEIGE', '무신사 테이퍼드 히든밴딩 크롭 슬랙스','편안하면서도 슬림한 테이퍼드 핏의 히든 밴딩 크롭 슬랙스.
4%의 폴리우레탄이 포함된 양방향 스트레치 T/R 원단을 사용해 신축성이 뛰어나며 덕분에 자유로운 활동성을 보장', 32900, 'C0001');

INSERT INTO PROD_BOARD(PROD_NO, PROD_COLOR, PROD_NAME, PROD_DETAIL, PROD_COST, LPROD_NO)
 VALUES(3000000011, 'NAVY', '무신사 테이퍼드 히든밴딩 크롭 슬랙스','편안하면서도 슬림한 테이퍼드 핏의 히든 밴딩 크롭 슬랙스.
4%의 폴리우레탄이 포함된 양방향 스트레치 T/R 원단을 사용해 신축성이 뛰어나며 덕분에 자유로운 활동성을 보장', 32900, 'C0001');

INSERT INTO PROD_BOARD(PROD_NO, PROD_COLOR, PROD_NAME, PROD_DETAIL, PROD_COST, LPROD_NO)
 VALUES(3000000012, 'GREY', '무신사 테이퍼드 히든밴딩 크롭 슬랙스','편안하면서도 슬림한 테이퍼드 핏의 히든 밴딩 크롭 슬랙스.
4%의 폴리우레탄이 포함된 양방향 스트레치 T/R 원단을 사용해 신축성이 뛰어나며 덕분에 자유로운 활동성을 보장', 32900, 'C0001');

INSERT INTO PROD_BOARD(PROD_NO, PROD_COLOR, PROD_NAME, PROD_DETAIL, PROD_COST, LPROD_NO)
 VALUES(3000000013, 'WHITE', '무신사 테이퍼드 히든밴딩 크롭 슬랙스','편안하면서도 슬림한 테이퍼드 핏의 히든 밴딩 크롭 슬랙스.
4%의 폴리우레탄이 포함된 양방향 스트레치 T/R 원단을 사용해 신축성이 뛰어나며 덕분에 자유로운 활동성을 보장', 32900, 'C0001');

INSERT INTO PROD_BOARD(PROD_NO, PROD_COLOR, PROD_NAME, PROD_DETAIL, PROD_COST, LPROD_NO)
 VALUES(3000000014, 'CREAM', '브랜디드 1931 OBJECT JEANS','슬림 스트레이트 패턴으로 제작되어
 다리가 길어보이는 심미적 효과를 주는 크림 데님 팬츠', 78000, 'C0001');

INSERT INTO PROD_BOARD(PROD_NO, PROD_COLOR, PROD_NAME, PROD_DETAIL, PROD_COST, LPROD_NO)
 VALUES(3000000015, 'BLACK', '브랜디드 1967 JET BLACK JEANS'
 ,'와이드 스트레이트 패턴으로 제작되어 편하게 착용할 수 있으며, 짙은 워싱에 화이트 스티치가 포인트가 되는 블랙진', 78000, 'C0001');

INSERT INTO PROD_BOARD(PROD_NO, PROD_COLOR, PROD_NAME, PROD_DETAIL, PROD_COST, LPROD_NO)
 VALUES(3000000016, 'BLACK', '브랜디드 1967 JET BLACK JEANS'
 ,'와이드 스트레이트 패턴으로 제작되어 편하게 착용할 수 있으며, 짙은 워싱에 화이트 스티치가 포인트가 되는 블랙진', 78000, 'C0001');

INSERT INTO PROD_BOARD(PROD_NO, PROD_COLOR, PROD_NAME, PROD_DETAIL, PROD_COST, LPROD_NO)
 VALUES(3000000017, 'BLACK', '플랙 베를린 K47 블랙 팬츠', 
 '힙부터 여유있게 떨어지는 실루엣으로 편안하게 착용할 수 있는 블랙진이며 레드컬러의 가죽라벨로 포인트를 준 팬츠', 129000, 'C0001');

INSERT INTO PROD_BOARD(PROD_NO, PROD_COLOR, PROD_NAME, PROD_DETAIL, PROD_COST, LPROD_NO)
 VALUES(3000000018, 'INDIGO RAW', '플랙 스티즈 B31 인디고 로우', 
 '힙부터 여유있게 일자로 자연스럽게 떨어지는 레귤러 핏의 데님팬츠', 129000, 'C0001');

INSERT INTO PROD_BOARD(PROD_NO, PROD_COLOR, PROD_NAME, PROD_DETAIL, PROD_COST, LPROD_NO)
 VALUES(3000000019, 'DEEP BLUE', '플랙 스티즈 K48 딥 워시드', 
 '힙부터 밑단까지 여유있게 떨어지는 레귤러 스트레이트핏이며 레드컬러의 가죽라벨로 포인트를 준 와이드 데님팬츠', 139000, 'C0001'); 
 
INSERT INTO PROD_BOARD(PROD_NO, PROD_COLOR, PROD_NAME, PROD_DETAIL, PROD_COST, LPROD_NO)
 VALUES(3000000020, 'BEIGE', '드로우핏 와이드 밴딩 치노 팬츠', 
 '여유있는 와이드 실루엣이며 더블 턱 디테일로 착장 시 루즈하고 편안한 착용감을 가진 코튼 소재의 치노팬츠', 66000, 'C0001'); 
 
 INSERT INTO PROD_BOARD(PROD_NO, PROD_COLOR, PROD_NAME, PROD_DETAIL, PROD_COST, LPROD_NO)
 VALUES(3000000021, 'KHAKI', '드로우핏 와이드 밴딩 치노 팬츠', 
 '여유있는 와이드 실루엣이며 더블 턱 디테일로 착장 시 루즈하고 편안한 착용감을 가진 코튼 소재의 치노팬츠', 66000, 'C0001'); 
 
 INSERT INTO PROD_BOARD(PROD_NO, PROD_COLOR, PROD_NAME, PROD_DETAIL, PROD_COST, LPROD_NO)
 VALUES(3000000022, 'BLACK', '드로우핏 와이드 밴딩 치노 팬츠', 
 '여유있는 와이드 실루엣이며 더블 턱 디테일로 착장 시 루즈하고 편안한 착용감을 가진 코튼 소재의 치노팬츠', 66000, 'C0001'); 
  
 INSERT INTO PROD_BOARD(PROD_NO, PROD_COLOR, PROD_NAME, PROD_DETAIL, PROD_COST, LPROD_NO)
 VALUES(3000000023, 'BLACK', '드로우핏 모더니티 히든 밴딩 슬랙스', 
 '테이퍼드 실루엣을 기반으로 미니멀하면서도 트렌디한 실루엣과 고탄력 이중직 밴드를 히든으로 처리하여 노출없이 착용할 수 있는 슬랙스', 69000, 'C0001'); 
 
 INSERT INTO PROD_BOARD(PROD_NO, PROD_COLOR, PROD_NAME, PROD_DETAIL, PROD_COST, LPROD_NO)
 VALUES(3000000024, 'LIGHT GREY', '드로우핏 모더니티 히든 밴딩 슬랙스', 
 '테이퍼드 실루엣을 기반으로 미니멀하면서도 트렌디한 실루엣과 고탄력 이중직 밴드를 히든으로 처리하여 노출없이 착용할 수 있는 슬랙스', 69000, 'C0001'); 
 
  INSERT INTO PROD_BOARD(PROD_NO, PROD_COLOR, PROD_NAME, PROD_DETAIL, PROD_COST, LPROD_NO)
 VALUES(3000000025, 'MOCHA', '드로우핏 모더니티 히든 밴딩 슬랙스', 
 '테이퍼드 실루엣을 기반으로 미니멀하면서도 트렌디한 실루엣과 고탄력 이중직 밴드를 히든으로 처리하여 노출없이 착용할 수 있는 슬랙스', 69000, 'C0001'); 
 
   INSERT INTO PROD_BOARD(PROD_NO, PROD_COLOR, PROD_NAME, PROD_DETAIL, PROD_COST, LPROD_NO)
 VALUES(3000000026, 'BROWN', '드로우핏 모더니티 히든 밴딩 슬랙스', 
 '테이퍼드 실루엣을 기반으로 미니멀하면서도 트렌디한 실루엣과 고탄력 이중직 밴드를 히든으로 처리하여 노출없이 착용할 수 있는 슬랙스', 69000, 'C0001'); 
 
  INSERT INTO PROD_BOARD(PROD_NO, PROD_COLOR, PROD_NAME, PROD_DETAIL, PROD_COST, LPROD_NO)
 VALUES(3000000027, 'BLACK', '드로우핏 모즈 울 와이드 벨티드 슬랙스', 
 '와이드한 핏감의 울 와이드 슬랙스이며 핀턱이 잡혀있어 여유로운 실루엣이 연출되는 슬랙스', 69000, 'C0001'); 
 
   INSERT INTO PROD_BOARD(PROD_NO, PROD_COLOR, PROD_NAME, PROD_DETAIL, PROD_COST, LPROD_NO)
 VALUES(3000000028, 'BROWN', '드로우핏 모즈 울 와이드 벨티드 슬랙스', 
 '와이드한 핏감의 울 와이드 슬랙스이며 핀턱이 잡혀있어 여유로운 실루엣이 연출되는 슬랙스', 69000, 'C0001'); 
 
   INSERT INTO PROD_BOARD(PROD_NO, PROD_COLOR, PROD_NAME, PROD_DETAIL, PROD_COST, LPROD_NO)
 VALUES(3000000029, 'CREAM', '드로우핏 모즈 울 와이드 벨티드 슬랙스', 
 '와이드한 핏감의 울 와이드 슬랙스이며 핀턱이 잡혀있어 여유로운 실루엣이 연출되는 슬랙스', 69000, 'C0001'); 
 
   INSERT INTO PROD_BOARD(PROD_NO, PROD_COLOR, PROD_NAME, PROD_DETAIL, PROD_COST, LPROD_NO)
 VALUES(3000000030, 'GREY', '드로우핏 모즈 울 와이드 벨티드 슬랙스', 
 '와이드한 핏감의 울 와이드 슬랙스이며 핀턱이 잡혀있어 여유로운 실루엣이 연출되는 슬랙스', 69000, 'C0001'); 
 
 INSERT INTO PROD_BOARD(PROD_NO, PROD_COLOR, PROD_NAME, PROD_DETAIL, PROD_COST, LPROD_NO)
 VALUES(3000000031, 'BLACK', '세븐셀라 미니멀 카고 조거 팬츠', 
 '봄, 가을, 겨울에 입기 좋으며 슬랙스 원단 베이스의 카고 팬츠, 건빵 주머니가 포인트가 된다', 89000, 'C0001'); 
 
   INSERT INTO PROD_BOARD(PROD_NO, PROD_COLOR, PROD_NAME, PROD_DETAIL, PROD_COST, LPROD_NO)
 VALUES(3000000032, 'GREY:SILVER', '아디다스 로고 트레이닝 팬츠', 
 '아디다스의 로고 플레이가 들어간 스탠다드 트레이닝 팬츠', 69000, 'C0001'); 
 
    INSERT INTO PROD_BOARD(PROD_NO, PROD_COLOR, PROD_NAME, PROD_DETAIL, PROD_COST, LPROD_NO)
 VALUES(3000000033, 'BLACK', '아디다스 로고 트레이닝 팬츠', 
 '아디다스의 로고 플레이가 들어간 스탠다드 트레이닝 팬츠', 69000, 'C0001'); 
 
    INSERT INTO PROD_BOARD(PROD_NO, PROD_COLOR, PROD_NAME, PROD_DETAIL, PROD_COST, LPROD_NO)
 VALUES(3000000034, 'NAVY', '나이키 로고 트레이닝 팬츠', 
 '나이키의 로고 플레이가 들어간 스탠다드 트레이닝 팬츠', 79000, 'C0001'); 
 
     INSERT INTO PROD_BOARD(PROD_NO, PROD_COLOR, PROD_NAME, PROD_DETAIL, PROD_COST, LPROD_NO)
 VALUES(3000000035, 'WHITE', '나이키 로고 트레이닝 팬츠', 
 '나이키의 로고 플레이가 들어간 스탠다드 트레이닝 팬츠', 79000, 'C0001'); 
 
     INSERT INTO PROD_BOARD(PROD_NO, PROD_COLOR, PROD_NAME, PROD_DETAIL, PROD_COST, LPROD_NO)
 VALUES(3000000036, 'BLUE', '나이키 로고 트레이닝 팬츠', 
 '나이키의 로고 플레이가 들어간 스탠다드 트레이닝 팬츠', 79000, 'C0001'); 
 
      INSERT INTO PROD_BOARD(PROD_NO, PROD_COLOR, PROD_NAME, PROD_DETAIL, PROD_COST, LPROD_NO)
 VALUES(3000000037, 'RED', '나이키 로고 트레이닝 팬츠', 
 '나이키의 로고 플레이가 들어간 스탠다드 트레이닝 팬츠', 79000, 'C0001'); 
 
 INSERT INTO PROD_BOARD(PROD_NO, PROD_COLOR, PROD_NAME, PROD_DETAIL, PROD_COST, LPROD_NO)
 VALUES(3000000038, 'BLACK', '나이키 로고 트레이닝 팬츠', 
 '나이키의 로고 플레이가 들어간 스탠다드 트레이닝 팬츠', 79000, 'C0001'); 
 
INSERT INTO PROD_BOARD(PROD_NO, PROD_COLOR, PROD_NAME, PROD_DETAIL, PROD_COST, LPROD_NO)
 VALUES(3000000039, 'LIGHT BLUE', '랩101 톰 베이직 스톤 워싱 와이드 데님', 
 '유연하고, 자연스럽게 떨어지는 스트레이트 핏감으로 스톤 데미지 워싱작업으로 거칠면서도 부드러운 원단감을 표현한 와이드 데님 팬츠', 99000, 'C0001'); 

INSERT INTO PROD_BOARD(PROD_NO, PROD_COLOR, PROD_NAME, PROD_DETAIL, PROD_COST, LPROD_NO)
 VALUES(3000000040, 'MID BLUE', '랩101 톰 베이직 미드 블루 스톤 워싱 와이드 데님', 
 '유연하고, 자연스럽게 떨어지는 스트레이트 핏감으로 스톤 데미지 워싱작업으로 거칠면서도 부드러운 원단감을 표현한 와이드 데님 팬츠', 99000, 'C0001'); 
 
 INSERT INTO PROD_BOARD(PROD_NO, PROD_COLOR, PROD_NAME, PROD_DETAIL, PROD_COST, LPROD_NO)
 VALUES(3000000041, 'LIGHT BLUE', '랩101 톰 베이직 스톤 워싱', 
 '유연하고, 자연스럽게 떨어지는 스트레이트 핏감으로 스톤 데미지 워싱작업으로 거칠면서도 부드러운 원단감을 표현한 와이드 데님 팬츠', 99000, 'C0001'); 

INSERT INTO PROD_BOARD(PROD_NO, PROD_COLOR, PROD_NAME, PROD_DETAIL, PROD_COST, LPROD_NO)
 VALUES(3000000042, 'BLACK', '자라 카고 팬츠', 
 '여유로운 실루엣의 카고 팬츠', 59000, 'C0001'); 
  
INSERT INTO PROD_BOARD(PROD_NO, PROD_COLOR, PROD_NAME, PROD_DETAIL, PROD_COST, LPROD_NO)
 VALUES(3000000043, 'KHAKI', '자라 카고 팬츠', 
 '여유로운 실루엣의 카고 바지', 59000, 'C0001');   
 
INSERT INTO PROD_BOARD(PROD_NO, PROD_COLOR, PROD_NAME, PROD_DETAIL, PROD_COST, LPROD_NO)
 VALUES(3000000044, 'CREAM', '자라 카고 팬츠', 
 '여유로운 실루엣의 카고 바지', 59000, 'C0001');  
 
 INSERT INTO PROD_BOARD(PROD_NO, PROD_COLOR, PROD_NAME, PROD_DETAIL, PROD_COST, LPROD_NO)
 VALUES(3000000045, 'BLACK', '그라미치 코튼 와이드 팬츠', 
 '극도의 편안함과 핏을 자랑하는 와이드 핏의 코튼 팬츠, 통이 넓고 전체적으로 와이드하면서 밑단으로 갈수록 통이 조금씩 좁아지는 핏',
 119000, 'C0001'); 
 
 INSERT INTO PROD_BOARD(PROD_NO, PROD_COLOR, PROD_NAME, PROD_DETAIL, PROD_COST, LPROD_NO)
 VALUES(3000000046, 'KHAKI', '그라미치 코튼 와이드 팬츠', 
 '극도의 편안함과 핏을 자랑하는 와이드 핏의 코튼 팬츠, 통이 넓고 전체적으로 와이드하면서 밑단으로 갈수록 통이 조금씩 좁아지는 핏',
 119000, 'C0001'); 
 
 INSERT INTO PROD_BOARD(PROD_NO, PROD_COLOR, PROD_NAME, PROD_DETAIL, PROD_COST, LPROD_NO)
 VALUES(3000000047, 'BEIGE', '그라미치 코튼 와이드 팬츠', 
 '극도의 편안함과 핏을 자랑하는 와이드 핏의 코튼 팬츠, 통이 넓고 전체적으로 와이드하면서 밑단으로 갈수록 통이 조금씩 좁아지는 핏',
 119000, 'C0001'); 
 
 INSERT INTO PROD_BOARD(PROD_NO, PROD_COLOR, PROD_NAME, PROD_DETAIL, PROD_COST, LPROD_NO)
 VALUES(3000000048, 'GREY', '그라미치 코튼 와이드 팬츠', 
 '극도의 편안함과 핏을 자랑하는 와이드 핏의 코튼 팬츠, 통이 넓고 전체적으로 와이드하면서 밑단으로 갈수록 통이 조금씩 좁아지는 핏',
 119000, 'C0001'); 
 
 INSERT INTO PROD_BOARD(PROD_NO, PROD_COLOR, PROD_NAME, PROD_DETAIL, PROD_COST, LPROD_NO)
 VALUES(3000000049, 'INDIGO RAW', '86로드 인디고 로우 세미와이드', 
 '전체적으로 여유있는 실루엣의 5포켓 세미와이드 생지 데님 팬츠',
 69000, 'C0001'); 
 
 INSERT INTO PROD_BOARD(PROD_NO, PROD_COLOR, PROD_NAME, PROD_DETAIL, PROD_COST, LPROD_NO)
 VALUES(3000000050, 'LIGHT BLUE', '86로드 라이트 블루 세미와이드', 
 '전체적으로 여유있는 실루엣의 5포켓 세미와이드 데님 팬츠',
 69000, 'C0001'); 


--신발
INSERT INTO PROD_BOARD(PROD_NO, PROD_COLOR, PROD_NAME, PROD_DETAIL, PROD_COST, LPROD_NO)
 VALUES(4000000001, 'BLACK', '컨버스 척 70 클래식 로우', '견고하고 가벼운 캔버스 갑피에 편안한 착화감의 스니커즈', 99000, 'D0001');
      
INSERT INTO PROD_BOARD(PROD_NO, PROD_COLOR, PROD_NAME, PROD_DETAIL, PROD_COST, LPROD_NO)
 VALUES(4000000002, 'PARCHMENT', '컨버스 척 70 클래식 로우', '견고하고 가벼운 캔버스 갑피에 편안한 착화감의 스니커즈', 99000, 'D0001');
    
INSERT INTO PROD_BOARD(PROD_NO, PROD_COLOR, PROD_NAME, PROD_DETAIL, PROD_COST, LPROD_NO)
 VALUES(4000000003, 'BLACK', '컨버스 척 70 클래식 하이', '견고하고 가벼운 캔버스 갑피에 편안한 착화감의 스니커즈', 99000, 'D0001');
     
INSERT INTO PROD_BOARD(PROD_NO, PROD_COLOR, PROD_NAME, PROD_DETAIL, PROD_COST, LPROD_NO)
 VALUES(4000000004, 'PARCHMENT', '컨버스 척 70 클래식 하이', '견고하고 가벼운 캔버스 갑피에 편안한 착화감의 스니커즈', 99000, 'D0001');

INSERT INTO PROD_BOARD(PROD_NO, PROD_COLOR, PROD_NAME, PROD_DETAIL, PROD_COST, LPROD_NO)
 VALUES(4000000005, 'WHITE', '아디다스 BW 독일군 스니커즈', '군더더기 없이 깔끔한 디자인에 튼튼한 고무 소재의 아웃솔의 스니커즈', 139000, 'D0001');

INSERT INTO PROD_BOARD(PROD_NO, PROD_COLOR, PROD_NAME, PROD_DETAIL, PROD_COST, LPROD_NO)
 VALUES(4000000006, 'BLACK', '아식스 조그 100 2', '발볼이 넓어 편안한 EVA 소재의 기본 런닝화', 69000, 'D0001');
 
INSERT INTO PROD_BOARD(PROD_NO, PROD_COLOR, PROD_NAME, PROD_DETAIL, PROD_COST, LPROD_NO)
 VALUES(4000000007, 'BLACK', '아디다스 오즈위고', '최적의 위치에 지지력을 더해주는 앞발과 뒤꿈치 쿠셔닝이 우수한 스니커즈', 129000, 'D0001');

INSERT INTO PROD_BOARD(PROD_NO, PROD_COLOR, PROD_NAME, PROD_DETAIL, PROD_COST, LPROD_NO)
 VALUES(4000000008, 'WHITE', '나이키 데이브레이크 운동화', '스웨이드와 인조가죽을 덧댄 나일론 갑피로 클래식 스타일을 재현한 스니커즈', 199000, 'D0001');

INSERT INTO PROD_BOARD(PROD_NO, PROD_COLOR, PROD_NAME, PROD_DETAIL, PROD_COST, LPROD_NO)
 VALUES(4000000009, 'BEIGE', '디스커버리익스페디션 조거 플렉스', '4cm의 키높이와 오버사이즈 아웃솔로 편안하고 청키한 워킹화', 109000, 'D0001');

INSERT INTO PROD_BOARD(PROD_NO, PROD_COLOR, PROD_NAME, PROD_DETAIL, PROD_COST, LPROD_NO)
 VALUES(4000000010, 'WHITE', '엠엘비 뉴욕양키스 빅볼청키A', '빅볼처럼 MLB를 대표하는 팀들의 로고를 특수 프린팅 기법으로 빅하게 디자인한 운동화', 890000, 'D0001'); 
 
INSERT INTO PROD_BOARD(PROD_NO, PROD_COLOR, PROD_NAME, PROD_DETAIL, PROD_COST, LPROD_NO)
 VALUES(4000000011, 'BLACK', '반스 어센틱', '아이코닉한 스타일로 자리잡은 로우탑과 레이스업 타입의 신발', 69000, 'D0001'); 
 
INSERT INTO PROD_BOARD(PROD_NO, PROD_COLOR, PROD_NAME, PROD_DETAIL, PROD_COST, LPROD_NO)
 VALUES(4000000012, 'RED', '반스 어센틱', '아이코닉한 스타일로 자리잡은 로우탑과 레이스업 타입의 신발', 69000, 'D0001'); 
 
INSERT INTO PROD_BOARD(PROD_NO, PROD_COLOR, PROD_NAME, PROD_DETAIL, PROD_COST, LPROD_NO)
 VALUES(4000000013, 'BLACKWHITE', '반스 클래식 슬립온 체커보드', '어퍼 양 사이드에 가미된 엘라스틴으로 신축성을 더해 착용이 간편한 아이템', 69000, 'D0001'); 
 
INSERT INTO PROD_BOARD(PROD_NO, PROD_COLOR, PROD_NAME, PROD_DETAIL, PROD_COST, LPROD_NO)
 VALUES(4000000014, 'BLACKBLACK', '반스 올드스쿨', '반스의 클래식한 스케이트 슈즈', 79000, 'D0001'); 
    
INSERT INTO PROD_BOARD(PROD_NO, PROD_COLOR, PROD_NAME, PROD_DETAIL, PROD_COST, LPROD_NO)
 VALUES(4000000015, 'BLACKWHITE', '반스 올드스쿨', '반스의 클래식한 스케이트 슈즈', 79000, 'D0001');  
 
INSERT INTO PROD_BOARD(PROD_NO, PROD_COLOR, PROD_NAME, PROD_DETAIL, PROD_COST, LPROD_NO)
 VALUES(4000000016, 'BLACK', '닥터마틴 1461 3홀 모노 블랙', '편안한 착화감, 견고한 내구성을 제공하는 Smooth Leather 소재 사용', 190000, 'D0001'); 
 
INSERT INTO PROD_BOARD(PROD_NO, PROD_COLOR, PROD_NAME, PROD_DETAIL, PROD_COST, LPROD_NO)
 VALUES(4000000017, 'WHITE', '닥터마틴 MIE 벡스 토캡 퀼론', '이중 높이의 밑창과 트리플스티치로 마무리 된 토 캡이 닥터마틴의 클래식한 실루엣을 혁신적으로 표현한 구두', 300000, 'D0001'); 
  
INSERT INTO PROD_BOARD(PROD_NO, PROD_COLOR, PROD_NAME, PROD_DETAIL, PROD_COST, LPROD_NO)
 VALUES(4000000018, 'BLACK', '리플라 로퍼', '보통 굽 높이에 쿠션감 있는 로퍼', 178000, 'D0001'); 
 
INSERT INTO PROD_BOARD(PROD_NO, PROD_COLOR, PROD_NAME, PROD_DETAIL, PROD_COST, LPROD_NO)
 VALUES(4000000019, 'CREAM', '리플라 로퍼', '보통 굽 높이에 쿠션감 있는 로퍼', 178000, 'D0001'); 
 
INSERT INTO PROD_BOARD(PROD_NO, PROD_COLOR, PROD_NAME, PROD_DETAIL, PROD_COST, LPROD_NO)
 VALUES(4000000020, 'BLACK', '로맨틱무드 베이스먼트 더비', '고무 함유율이 높아 더욱 튼튼한 내구성을 자랑하는 구두', 168000, 'D0001');  

INSERT INTO PROD_BOARD(PROD_NO, PROD_COLOR, PROD_NAME, PROD_DETAIL, PROD_COST, LPROD_NO)
 VALUES(4000000021, 'IVORY', '인텐스 여성 옥스포드화 2cm', '부드러운 앞코 절개라인이 포인트 되는 클래식 옥스포드화', 139000, 'D0001'); 
 
INSERT INTO PROD_BOARD(PROD_NO, PROD_COLOR, PROD_NAME, PROD_DETAIL, PROD_COST, LPROD_NO)
 VALUES(4000000022, 'BLACK', '렉켄 로퍼 ALEXA', '내추럴한 질감이 돋보이는 이태리 스프리트 가죽으로 제작한 레이스업 스타일의 로퍼', 358000, 'D0001'); 
 
INSERT INTO PROD_BOARD(PROD_NO, PROD_COLOR, PROD_NAME, PROD_DETAIL, PROD_COST, LPROD_NO)
 VALUES(4000000023, 'BLOWN', '슈펜 성수동 명장 옥스퍼드 U팁 더비', '겉감이 천연 소가죽인 구두', 99000, 'D0001'); 
 
INSERT INTO PROD_BOARD(PROD_NO, PROD_COLOR, PROD_NAME, PROD_DETAIL, PROD_COST, LPROD_NO)
 VALUES(4000000024, 'BLACK', '슈펜 성수동 명장 옥스퍼드 U팁 더비', '겉감이 천연 소가죽인 구두', 99000, 'D0001'); 
 
INSERT INTO PROD_BOARD(PROD_NO, PROD_COLOR, PROD_NAME, PROD_DETAIL, PROD_COST, LPROD_NO)
 VALUES(4000000025, 'WHITE', '위더로드 클리프 더비슈즈', '튼튼한 내구성과 오래 신어도 주름짐을 초소화한 구두', 79000, 'D0001'); 
 
INSERT INTO PROD_BOARD(PROD_NO, PROD_COLOR, PROD_NAME, PROD_DETAIL, PROD_COST, LPROD_NO)
 VALUES(4000000026, 'WHITE', '로스트가든  VOL_IV', '데님 특유의 리벳 디테일에서 영감을 받은 더비 슈즈', 325000, 'D0001'); 
 
INSERT INTO PROD_BOARD(PROD_NO, PROD_COLOR, PROD_NAME, PROD_DETAIL, PROD_COST, LPROD_NO)
 VALUES(4000000027, 'IVORY', '커버낫 콜리 슈즈', '깔끔한 디자인으로 남녀노소 스타일링 가능한 슈즈', 139000, 'D0001'); 
 
INSERT INTO PROD_BOARD(PROD_NO, PROD_COLOR, PROD_NAME, PROD_DETAIL, PROD_COST, LPROD_NO)
 VALUES(4000000028, 'BLACK', '엘칸토 남성 유팁 정장화 3.5cm', '무난한 색감과 함께 발등 부분에 u자형 절개가 들어가 있는 슈즈', 129000, 'D0001'); 
 
INSERT INTO PROD_BOARD(PROD_NO, PROD_COLOR, PROD_NAME, PROD_DETAIL, PROD_COST, LPROD_NO)
 VALUES(4000000029, 'BLOWN', '엘칸토 남성 유팁 정장화 3.5cm', '무난한 색감과 함께 발등 부분에 u자형 절개가 들어가 있는 슈즈', 129000, 'D0001'); 
 
INSERT INTO PROD_BOARD(PROD_NO, PROD_COLOR, PROD_NAME, PROD_DETAIL, PROD_COST, LPROD_NO)
 VALUES(4000000030, 'BLACK', '엘칸토 남성 스트레이트팁 정장화 3cm', '신발 토우 부분에 직선의 절개가 있는 스트레이트 팁 정장화', 129000, 'D0001'); 
 
INSERT INTO PROD_BOARD(PROD_NO, PROD_COLOR, PROD_NAME, PROD_DETAIL, PROD_COST, LPROD_NO)
 VALUES(4000000031, 'BLOWN', '엘칸토 남성 스트레이트팁 정장화 3cm', '신발 토우 부분에 직선의 절개가 있는 스트레이트 팁 정장화', 129000, 'D0001'); 
 
INSERT INTO PROD_BOARD(PROD_NO, PROD_COLOR, PROD_NAME, PROD_DETAIL, PROD_COST, LPROD_NO)
 VALUES(4000000032, 'BLACK', '아디다스 알파바운스 슬라이드', '인체공학적 디자인과 우수한 반발력으로 편안한 핏과 에너지 넘치는 쿠셔닝을 제공하는 바운스', 59000, 'D0001'); 
 
INSERT INTO PROD_BOARD(PROD_NO, PROD_COLOR, PROD_NAME, PROD_DETAIL, PROD_COST, LPROD_NO)
 VALUES(4000000033, 'WHITE', '아디다스 알파바운스 슬라이드', '인체공학적 디자인과 우수한 반발력으로 편안한 핏과 에너지 넘치는 쿠셔닝을 제공하는 바운스', 59000, 'D0001'); 
 
INSERT INTO PROD_BOARD(PROD_NO, PROD_COLOR, PROD_NAME, PROD_DETAIL, PROD_COST, LPROD_NO)
 VALUES(4000000034, 'BLACK', '우포스 조리', '충격을 흡수하고 피로 회복을 도우는 힐링 슈즈', 62000, 'D0001'); 
 
INSERT INTO PROD_BOARD(PROD_NO, PROD_COLOR, PROD_NAME, PROD_DETAIL, PROD_COST, LPROD_NO)
 VALUES(4000000035, 'CREAM', '토앤토 제로비티 플립플랍', '가벼운 무게와 충격을 완화해주는 푹신한 쿠셔닝이 돋보이는 제품', 38000, 'D0001'); 

INSERT INTO PROD_BOARD(PROD_NO, PROD_COLOR, PROD_NAME, PROD_DETAIL, PROD_COST, LPROD_NO)
 VALUES(4000000036, 'BLACK', '토앤토 제로비티 플립플랍', '가벼운 무게와 충격을 완화해주는 푹신한 쿠셔닝이 돋보이는 제품', 38000, 'D0001'); 
 
INSERT INTO PROD_BOARD(PROD_NO, PROD_COLOR, PROD_NAME, PROD_DETAIL, PROD_COST, LPROD_NO)
 VALUES(4000000037, 'WHITE', '아디다스 아딜렛 라이트', '부드러운 풋베드가 신는 즉시 편안한 착용감을 제공', 35000, 'D0001'); 
 
INSERT INTO PROD_BOARD(PROD_NO, PROD_COLOR, PROD_NAME, PROD_DETAIL, PROD_COST, LPROD_NO)
 VALUES(4000000038, 'PINK', '아디다스 아딜렛 라이트', '부드러운 풋베드가 신는 즉시 편안한 착용감을 제공', 35000, 'D0001'); 
 
INSERT INTO PROD_BOARD(PROD_NO, PROD_COLOR, PROD_NAME, PROD_DETAIL, PROD_COST, LPROD_NO)
 VALUES(4000000039, 'BLACK', '아디다스 아딜렛 라이트', '부드러운 풋베드가 신는 즉시 편안한 착용감을 제공', 35000, 'D0001'); 
 
 INSERT INTO PROD_BOARD(PROD_NO, PROD_COLOR, PROD_NAME, PROD_DETAIL, PROD_COST, LPROD_NO)
 VALUES(4000000040, 'BLOWN', '야세 벨로', '겨울철의 눈 또는 비로 인한 오염을 방지하기 위한 갑피 가죽 생활 방수 코팅', 89000, 'D0001'); 
 
 INSERT INTO PROD_BOARD(PROD_NO, PROD_COLOR, PROD_NAME, PROD_DETAIL, PROD_COST, LPROD_NO)
 VALUES(4000000041, 'BLACK', '야세 벨로', '겨울철의 눈 또는 비로 인한 오염을 방지하기 위한 갑피 가죽 생활 방수 코팅', 89000, 'D0001'); 
 
 INSERT INTO PROD_BOARD(PROD_NO, PROD_COLOR, PROD_NAME, PROD_DETAIL, PROD_COST, LPROD_NO)
 VALUES(4000000042, 'GREY', '야세 벨로', '겨울철의 눈 또는 비로 인한 오염을 방지하기 위한 갑피 가죽 생활 방수 코팅', 89000, 'D0001'); 
 
 INSERT INTO PROD_BOARD(PROD_NO, PROD_COLOR, PROD_NAME, PROD_DETAIL, PROD_COST, LPROD_NO)
 VALUES(4000000043, 'BLACK', '닥터마틴 마일즈 블랙 슬리퍼', '견고하고 조절 가능한 버클 스트랩으로 부드럽고 내구성이 뛰어난 슬립온', 170000, 'D0001'); 
 
 INSERT INTO PROD_BOARD(PROD_NO, PROD_COLOR, PROD_NAME, PROD_DETAIL, PROD_COST, LPROD_NO)
 VALUES(4000000044, 'NAVY', '디스커버리 익스페디션 샌드라인 3', '학생부터 성인까지 데일리템으로 신는 슬라이드', 39000, 'D0001'); 
 
 INSERT INTO PROD_BOARD(PROD_NO, PROD_COLOR, PROD_NAME, PROD_DETAIL, PROD_COST, LPROD_NO)
 VALUES(4000000045, 'BLACK', '디스커버리 익스페디션 샌드라인 3', '학생부터 성인까지 데일리템으로 신는 슬라이드', 39000, 'D0001'); 
 
 INSERT INTO PROD_BOARD(PROD_NO, PROD_COLOR, PROD_NAME, PROD_DETAIL, PROD_COST, LPROD_NO)
 VALUES(4000000046, 'WHITE', '디스커버리 익스페디션 샌드라인 3', '학생부터 성인까지 데일리템으로 신는 슬라이드', 39000, 'D0001'); 
 
 INSERT INTO PROD_BOARD(PROD_NO, PROD_COLOR, PROD_NAME, PROD_DETAIL, PROD_COST, LPROD_NO)
 VALUES(4000000047, 'KHAKI', '디스커버리 익스페디션 샌드라인 3', '학생부터 성인까지 데일리템으로 신는 슬라이드', 39000, 'D0001'); 
 
 INSERT INTO PROD_BOARD(PROD_NO, PROD_COLOR, PROD_NAME, PROD_DETAIL, PROD_COST, LPROD_NO)
 VALUES(4000000048, 'YELLOW', '위글위글 워셔블 홈슬리퍼', '발등의 인형이 포인트가 되는 홈 슬리퍼', 19800, 'D0001'); 
 
 INSERT INTO PROD_BOARD(PROD_NO, PROD_COLOR, PROD_NAME, PROD_DETAIL, PROD_COST, LPROD_NO)
 VALUES(4000000049, 'ORANGE', '위글위글 워셔블 홈슬리퍼', '발등의 인형이 포인트가 되는 홈 슬리퍼', 19800, 'D0001'); 
 
 INSERT INTO PROD_BOARD(PROD_NO, PROD_COLOR, PROD_NAME, PROD_DETAIL, PROD_COST, LPROD_NO)
 VALUES(4000000050, 'PINK', '위글위글 워셔블 홈슬리퍼', '발등의 인형이 포인트가 되는 홈 슬리퍼', 19800, 'D0001'); 
          
-- UPDATE PROD_BOARD
--    SET PROD_NAME = '위글위글 워셔블 홈슬리퍼'
--  WHERE PROD_NO = 4000000049; 
--     
-- UPDATE PROD_BOARD
--    SET PROD_NAME = '위글위글 워셔블 홈슬리퍼'
--  WHERE PROD_NO = 4000000050;        

--LPROD             
 INSERT INTO LPROD(LPROD_NO, LPROD_NAME)
 VALUES('A0001', '아우터');
 INSERT INTO LPROD(LPROD_NO, LPROD_NAME)
 VALUES('B0001', '상의');
 INSERT INTO LPROD(LPROD_NO, LPROD_NAME)
 VALUES('C0001', '하의');
 INSERT INTO LPROD(LPROD_NO, LPROD_NAME)
 VALUES('D0001', '신발');
                 
--ADMIN
 INSERT INTO ADMIN
 VALUES('system', 'java', 123456789, '국민');
 
--PROD_SIZE
--아우터
INSERT INTO PROD_SIZE(SPROD_NO,SPROD_QTY,SPROD_SIZE,PROD_NO)
 VALUES(100001,10,'S',1000000001);
INSERT INTO PROD_SIZE(SPROD_NO,SPROD_QTY,SPROD_SIZE,PROD_NO)
 VALUES(100002,10,'M',1000000001);
INSERT INTO PROD_SIZE(SPROD_NO,SPROD_QTY,SPROD_SIZE,PROD_NO)
 VALUES(100003,10,'L',1000000001);
INSERT INTO PROD_SIZE(SPROD_NO,SPROD_QTY,SPROD_SIZE,PROD_NO)
 VALUES(100004,10,'XL',1000000001);
 
INSERT INTO PROD_SIZE(SPROD_NO,SPROD_QTY,SPROD_SIZE,PROD_NO)
 VALUES(100005,10,'S',1000000002);
INSERT INTO PROD_SIZE(SPROD_NO,SPROD_QTY,SPROD_SIZE,PROD_NO)
 VALUES(100006,10,'M',1000000002);
INSERT INTO PROD_SIZE(SPROD_NO,SPROD_QTY,SPROD_SIZE,PROD_NO)
 VALUES(100007,10,'L',1000000002);
INSERT INTO PROD_SIZE(SPROD_NO,SPROD_QTY,SPROD_SIZE,PROD_NO)
 VALUES(100008,10,'XL',1000000002);
 
 INSERT INTO PROD_SIZE(SPROD_NO,SPROD_QTY,SPROD_SIZE,PROD_NO)
 VALUES(100009,10,'S',1000000003);
INSERT INTO PROD_SIZE(SPROD_NO,SPROD_QTY,SPROD_SIZE,PROD_NO)
 VALUES(100010,10,'M',1000000003);
INSERT INTO PROD_SIZE(SPROD_NO,SPROD_QTY,SPROD_SIZE,PROD_NO)
 VALUES(100011,10,'L',1000000003);
INSERT INTO PROD_SIZE(SPROD_NO,SPROD_QTY,SPROD_SIZE,PROD_NO)
 VALUES(100012,10,'XL',1000000003);
 
 INSERT INTO PROD_SIZE(SPROD_NO,SPROD_QTY,SPROD_SIZE,PROD_NO)
 VALUES(100013,10,'S',1000000004);
INSERT INTO PROD_SIZE(SPROD_NO,SPROD_QTY,SPROD_SIZE,PROD_NO)
 VALUES(100014,10,'M',1000000004);
INSERT INTO PROD_SIZE(SPROD_NO,SPROD_QTY,SPROD_SIZE,PROD_NO)
 VALUES(100015,10,'L',1000000004);
INSERT INTO PROD_SIZE(SPROD_NO,SPROD_QTY,SPROD_SIZE,PROD_NO)
 VALUES(100016,10,'XL',1000000004);
 
INSERT INTO PROD_SIZE(SPROD_NO,SPROD_QTY,SPROD_SIZE,PROD_NO)
 VALUES(100017,10,'S',1000000005);
INSERT INTO PROD_SIZE(SPROD_NO,SPROD_QTY,SPROD_SIZE,PROD_NO)
 VALUES(100018,10,'M',1000000005);
INSERT INTO PROD_SIZE(SPROD_NO,SPROD_QTY,SPROD_SIZE,PROD_NO)
 VALUES(100019,10,'L',1000000005);
INSERT INTO PROD_SIZE(SPROD_NO,SPROD_QTY,SPROD_SIZE,PROD_NO)
 VALUES(100020,10,'XL',1000000005);
 
INSERT INTO PROD_SIZE(SPROD_NO,SPROD_QTY,SPROD_SIZE,PROD_NO)
 VALUES(100021,10,'S',1000000006);
INSERT INTO PROD_SIZE(SPROD_NO,SPROD_QTY,SPROD_SIZE,PROD_NO)
 VALUES(100022,10,'M',1000000006);
INSERT INTO PROD_SIZE(SPROD_NO,SPROD_QTY,SPROD_SIZE,PROD_NO)
 VALUES(100023,10,'L',1000000006);
INSERT INTO PROD_SIZE(SPROD_NO,SPROD_QTY,SPROD_SIZE,PROD_NO)
 VALUES(100024,10,'XL',1000000006);
 
INSERT INTO PROD_SIZE(SPROD_NO,SPROD_QTY,SPROD_SIZE,PROD_NO)
 VALUES(100025,10,'S',1000000007);
INSERT INTO PROD_SIZE(SPROD_NO,SPROD_QTY,SPROD_SIZE,PROD_NO)
 VALUES(100026,10,'M',1000000007);
INSERT INTO PROD_SIZE(SPROD_NO,SPROD_QTY,SPROD_SIZE,PROD_NO)
 VALUES(100027,10,'L',1000000007);
INSERT INTO PROD_SIZE(SPROD_NO,SPROD_QTY,SPROD_SIZE,PROD_NO)
 VALUES(100028,10,'XL',1000000007);
 
INSERT INTO PROD_SIZE(SPROD_NO,SPROD_QTY,SPROD_SIZE,PROD_NO)
 VALUES(100029,10,'S',1000000008);
INSERT INTO PROD_SIZE(SPROD_NO,SPROD_QTY,SPROD_SIZE,PROD_NO)
 VALUES(100030,10,'M',1000000008);
INSERT INTO PROD_SIZE(SPROD_NO,SPROD_QTY,SPROD_SIZE,PROD_NO)
 VALUES(100031,10,'L',1000000008);
INSERT INTO PROD_SIZE(SPROD_NO,SPROD_QTY,SPROD_SIZE,PROD_NO)
 VALUES(100032,10,'XL',1000000008);
 
INSERT INTO PROD_SIZE(SPROD_NO,SPROD_QTY,SPROD_SIZE,PROD_NO)
 VALUES(100033,10,'S',1000000009);
INSERT INTO PROD_SIZE(SPROD_NO,SPROD_QTY,SPROD_SIZE,PROD_NO)
 VALUES(100034,10,'M',1000000009);
INSERT INTO PROD_SIZE(SPROD_NO,SPROD_QTY,SPROD_SIZE,PROD_NO)
 VALUES(100035,10,'L',1000000009);
INSERT INTO PROD_SIZE(SPROD_NO,SPROD_QTY,SPROD_SIZE,PROD_NO)
 VALUES(100036,10,'XL',1000000009);
 
INSERT INTO PROD_SIZE(SPROD_NO,SPROD_QTY,SPROD_SIZE,PROD_NO)
 VALUES(100037,10,'S',1000000010);
INSERT INTO PROD_SIZE(SPROD_NO,SPROD_QTY,SPROD_SIZE,PROD_NO)
 VALUES(100038,10,'M',1000000010);
INSERT INTO PROD_SIZE(SPROD_NO,SPROD_QTY,SPROD_SIZE,PROD_NO)
 VALUES(100039,10,'L',1000000010);
INSERT INTO PROD_SIZE(SPROD_NO,SPROD_QTY,SPROD_SIZE,PROD_NO)
 VALUES(100040,10,'XL',1000000010);
 
INSERT INTO PROD_SIZE(SPROD_NO,SPROD_QTY,SPROD_SIZE,PROD_NO)
 VALUES(100041,10,'S',1000000011);
INSERT INTO PROD_SIZE(SPROD_NO,SPROD_QTY,SPROD_SIZE,PROD_NO)
 VALUES(100042,10,'M',1000000011);
INSERT INTO PROD_SIZE(SPROD_NO,SPROD_QTY,SPROD_SIZE,PROD_NO)
 VALUES(100043,10,'L',1000000011);
INSERT INTO PROD_SIZE(SPROD_NO,SPROD_QTY,SPROD_SIZE,PROD_NO)
 VALUES(100044,10,'XL',1000000011);
 
INSERT INTO PROD_SIZE(SPROD_NO,SPROD_QTY,SPROD_SIZE,PROD_NO)
 VALUES(100045,10,'S',1000000012);
INSERT INTO PROD_SIZE(SPROD_NO,SPROD_QTY,SPROD_SIZE,PROD_NO)
 VALUES(100046,10,'M',1000000012);
INSERT INTO PROD_SIZE(SPROD_NO,SPROD_QTY,SPROD_SIZE,PROD_NO)
 VALUES(100047,10,'L',1000000012);
INSERT INTO PROD_SIZE(SPROD_NO,SPROD_QTY,SPROD_SIZE,PROD_NO)
 VALUES(100048,10,'XL',1000000012);
 
INSERT INTO PROD_SIZE(SPROD_NO,SPROD_QTY,SPROD_SIZE,PROD_NO)
 VALUES(100049,10,'S',1000000013);
INSERT INTO PROD_SIZE(SPROD_NO,SPROD_QTY,SPROD_SIZE,PROD_NO)
 VALUES(100050,10,'M',1000000013);
INSERT INTO PROD_SIZE(SPROD_NO,SPROD_QTY,SPROD_SIZE,PROD_NO)
 VALUES(100051,10,'L',1000000013);
INSERT INTO PROD_SIZE(SPROD_NO,SPROD_QTY,SPROD_SIZE,PROD_NO)
 VALUES(100052,10,'XL',1000000013);
 
INSERT INTO PROD_SIZE(SPROD_NO,SPROD_QTY,SPROD_SIZE,PROD_NO)
 VALUES(100053,10,'S',1000000014);
INSERT INTO PROD_SIZE(SPROD_NO,SPROD_QTY,SPROD_SIZE,PROD_NO)
 VALUES(100054,10,'M',1000000014);
INSERT INTO PROD_SIZE(SPROD_NO,SPROD_QTY,SPROD_SIZE,PROD_NO)
 VALUES(100055,10,'L',1000000014);
INSERT INTO PROD_SIZE(SPROD_NO,SPROD_QTY,SPROD_SIZE,PROD_NO)
 VALUES(100056,10,'XL',1000000014);
 
 
INSERT INTO PROD_SIZE(SPROD_NO,SPROD_QTY,SPROD_SIZE,PROD_NO)
 VALUES(100057,10,'S',1000000015);
INSERT INTO PROD_SIZE(SPROD_NO,SPROD_QTY,SPROD_SIZE,PROD_NO)
 VALUES(100058,10,'M',1000000015);
INSERT INTO PROD_SIZE(SPROD_NO,SPROD_QTY,SPROD_SIZE,PROD_NO)
 VALUES(100059,10,'L',1000000015);
INSERT INTO PROD_SIZE(SPROD_NO,SPROD_QTY,SPROD_SIZE,PROD_NO)
 VALUES(100060,10,'XL',1000000015);
 
INSERT INTO PROD_SIZE(SPROD_NO,SPROD_QTY,SPROD_SIZE,PROD_NO)
 VALUES(100061,10,'S',1000000016);
INSERT INTO PROD_SIZE(SPROD_NO,SPROD_QTY,SPROD_SIZE,PROD_NO)
 VALUES(100062,10,'M',1000000016);
INSERT INTO PROD_SIZE(SPROD_NO,SPROD_QTY,SPROD_SIZE,PROD_NO)
 VALUES(100063,10,'L',1000000016);
INSERT INTO PROD_SIZE(SPROD_NO,SPROD_QTY,SPROD_SIZE,PROD_NO)
 VALUES(100064,10,'XL',1000000016);
 
 
INSERT INTO PROD_SIZE(SPROD_NO,SPROD_QTY,SPROD_SIZE,PROD_NO)
 VALUES(100065,10,'S',1000000017);
INSERT INTO PROD_SIZE(SPROD_NO,SPROD_QTY,SPROD_SIZE,PROD_NO)
 VALUES(100066,10,'M',1000000017);
INSERT INTO PROD_SIZE(SPROD_NO,SPROD_QTY,SPROD_SIZE,PROD_NO)
 VALUES(100067,10,'L',1000000017);
INSERT INTO PROD_SIZE(SPROD_NO,SPROD_QTY,SPROD_SIZE,PROD_NO)
 VALUES(100068,10,'XL',1000000017);
 
INSERT INTO PROD_SIZE(SPROD_NO,SPROD_QTY,SPROD_SIZE,PROD_NO)
 VALUES(100069,10,'S',1000000018);
INSERT INTO PROD_SIZE(SPROD_NO,SPROD_QTY,SPROD_SIZE,PROD_NO)
 VALUES(100070,10,'M',1000000018);
INSERT INTO PROD_SIZE(SPROD_NO,SPROD_QTY,SPROD_SIZE,PROD_NO)
 VALUES(100071,10,'L',1000000018);
INSERT INTO PROD_SIZE(SPROD_NO,SPROD_QTY,SPROD_SIZE,PROD_NO)
 VALUES(100072,10,'XL',1000000018);
 

INSERT INTO PROD_SIZE(SPROD_NO,SPROD_QTY,SPROD_SIZE,PROD_NO)
 VALUES(100073,10,'S',1000000019);
INSERT INTO PROD_SIZE(SPROD_NO,SPROD_QTY,SPROD_SIZE,PROD_NO)
 VALUES(100074,10,'M',1000000019);
INSERT INTO PROD_SIZE(SPROD_NO,SPROD_QTY,SPROD_SIZE,PROD_NO)
 VALUES(100075,10,'L',1000000019);
INSERT INTO PROD_SIZE(SPROD_NO,SPROD_QTY,SPROD_SIZE,PROD_NO)
 VALUES(100076,10,'XL',1000000019);
 
INSERT INTO PROD_SIZE(SPROD_NO,SPROD_QTY,SPROD_SIZE,PROD_NO)
 VALUES(100077,10,'S',1000000020);
INSERT INTO PROD_SIZE(SPROD_NO,SPROD_QTY,SPROD_SIZE,PROD_NO)
 VALUES(100078,10,'M',1000000020);
INSERT INTO PROD_SIZE(SPROD_NO,SPROD_QTY,SPROD_SIZE,PROD_NO)
 VALUES(100079,10,'L',1000000020);
INSERT INTO PROD_SIZE(SPROD_NO,SPROD_QTY,SPROD_SIZE,PROD_NO)
 VALUES(100080,10,'XL',1000000020);
 
INSERT INTO PROD_SIZE(SPROD_NO,SPROD_QTY,SPROD_SIZE,PROD_NO)
 VALUES(100081,10,'S',1000000021);
INSERT INTO PROD_SIZE(SPROD_NO,SPROD_QTY,SPROD_SIZE,PROD_NO)
 VALUES(100082,10,'M',1000000021);
INSERT INTO PROD_SIZE(SPROD_NO,SPROD_QTY,SPROD_SIZE,PROD_NO)
 VALUES(100083,10,'L',1000000021);
INSERT INTO PROD_SIZE(SPROD_NO,SPROD_QTY,SPROD_SIZE,PROD_NO)
 VALUES(100084,10,'XL',1000000021);
 
INSERT INTO PROD_SIZE(SPROD_NO,SPROD_QTY,SPROD_SIZE,PROD_NO)
 VALUES(100085,10,'S',1000000022);
INSERT INTO PROD_SIZE(SPROD_NO,SPROD_QTY,SPROD_SIZE,PROD_NO)
 VALUES(100086,10,'M',1000000022);
INSERT INTO PROD_SIZE(SPROD_NO,SPROD_QTY,SPROD_SIZE,PROD_NO)
 VALUES(100087,10,'L',1000000022);
INSERT INTO PROD_SIZE(SPROD_NO,SPROD_QTY,SPROD_SIZE,PROD_NO)
 VALUES(100088,10,'XL',1000000022);
 

INSERT INTO PROD_SIZE(SPROD_NO,SPROD_QTY,SPROD_SIZE,PROD_NO)
 VALUES(100089,10,'S',1000000023);
INSERT INTO PROD_SIZE(SPROD_NO,SPROD_QTY,SPROD_SIZE,PROD_NO)
 VALUES(100090,10,'M',1000000023);
INSERT INTO PROD_SIZE(SPROD_NO,SPROD_QTY,SPROD_SIZE,PROD_NO)
 VALUES(100091,10,'L',1000000023);
INSERT INTO PROD_SIZE(SPROD_NO,SPROD_QTY,SPROD_SIZE,PROD_NO)
 VALUES(100092,10,'XL',1000000023);
 
INSERT INTO PROD_SIZE(SPROD_NO,SPROD_QTY,SPROD_SIZE,PROD_NO)
 VALUES(100093,10,'S',1000000024);
INSERT INTO PROD_SIZE(SPROD_NO,SPROD_QTY,SPROD_SIZE,PROD_NO)
 VALUES(100094,10,'M',1000000024);
INSERT INTO PROD_SIZE(SPROD_NO,SPROD_QTY,SPROD_SIZE,PROD_NO)
 VALUES(100095,10,'L',1000000024);
INSERT INTO PROD_SIZE(SPROD_NO,SPROD_QTY,SPROD_SIZE,PROD_NO)
 VALUES(100096,10,'XL',1000000024);
 

INSERT INTO PROD_SIZE(SPROD_NO,SPROD_QTY,SPROD_SIZE,PROD_NO)
 VALUES(100097,10,'S',1000000025);
INSERT INTO PROD_SIZE(SPROD_NO,SPROD_QTY,SPROD_SIZE,PROD_NO)
 VALUES(100098,10,'M',1000000025);
INSERT INTO PROD_SIZE(SPROD_NO,SPROD_QTY,SPROD_SIZE,PROD_NO)
 VALUES(100099,10,'L',1000000025);
INSERT INTO PROD_SIZE(SPROD_NO,SPROD_QTY,SPROD_SIZE,PROD_NO)
 VALUES(100100,10,'XL',1000000025);
 
INSERT INTO PROD_SIZE(SPROD_NO,SPROD_QTY,SPROD_SIZE,PROD_NO)
 VALUES(100101,10,'S',1000000026);
INSERT INTO PROD_SIZE(SPROD_NO,SPROD_QTY,SPROD_SIZE,PROD_NO)
 VALUES(100102,10,'M',1000000026);
INSERT INTO PROD_SIZE(SPROD_NO,SPROD_QTY,SPROD_SIZE,PROD_NO)
 VALUES(100103,10,'L',1000000026);
INSERT INTO PROD_SIZE(SPROD_NO,SPROD_QTY,SPROD_SIZE,PROD_NO)
 VALUES(100104,10,'XL',1000000026);
 
INSERT INTO PROD_SIZE(SPROD_NO,SPROD_QTY,SPROD_SIZE,PROD_NO)
 VALUES(100105,10,'S',1000000027);
INSERT INTO PROD_SIZE(SPROD_NO,SPROD_QTY,SPROD_SIZE,PROD_NO)
 VALUES(100106,10,'M',1000000027);
INSERT INTO PROD_SIZE(SPROD_NO,SPROD_QTY,SPROD_SIZE,PROD_NO)
 VALUES(100107,10,'L',1000000027);
INSERT INTO PROD_SIZE(SPROD_NO,SPROD_QTY,SPROD_SIZE,PROD_NO)
 VALUES(100108,10,'XL',1000000027);
 
INSERT INTO PROD_SIZE(SPROD_NO,SPROD_QTY,SPROD_SIZE,PROD_NO)
 VALUES(100109,10,'S',1000000028);
INSERT INTO PROD_SIZE(SPROD_NO,SPROD_QTY,SPROD_SIZE,PROD_NO)
 VALUES(100110,10,'M',1000000028);
INSERT INTO PROD_SIZE(SPROD_NO,SPROD_QTY,SPROD_SIZE,PROD_NO)
 VALUES(100111,10,'L',1000000028);
INSERT INTO PROD_SIZE(SPROD_NO,SPROD_QTY,SPROD_SIZE,PROD_NO)
 VALUES(100112,10,'XL',1000000028);
 
INSERT INTO PROD_SIZE(SPROD_NO,SPROD_QTY,SPROD_SIZE,PROD_NO)
 VALUES(100113,10,'S',1000000029);
INSERT INTO PROD_SIZE(SPROD_NO,SPROD_QTY,SPROD_SIZE,PROD_NO)
 VALUES(100114,10,'M',1000000029);
INSERT INTO PROD_SIZE(SPROD_NO,SPROD_QTY,SPROD_SIZE,PROD_NO)
 VALUES(100115,10,'L',1000000029);
INSERT INTO PROD_SIZE(SPROD_NO,SPROD_QTY,SPROD_SIZE,PROD_NO)
 VALUES(100116,10,'XL',1000000029);
 
INSERT INTO PROD_SIZE(SPROD_NO,SPROD_QTY,SPROD_SIZE,PROD_NO)
 VALUES(100117,10,'S',1000000030);
INSERT INTO PROD_SIZE(SPROD_NO,SPROD_QTY,SPROD_SIZE,PROD_NO)
 VALUES(100118,10,'M',1000000030);
INSERT INTO PROD_SIZE(SPROD_NO,SPROD_QTY,SPROD_SIZE,PROD_NO)
 VALUES(100119,10,'L',1000000030);
INSERT INTO PROD_SIZE(SPROD_NO,SPROD_QTY,SPROD_SIZE,PROD_NO)
 VALUES(100120,10,'XL',1000000030);
 
INSERT INTO PROD_SIZE(SPROD_NO,SPROD_QTY,SPROD_SIZE,PROD_NO)
 VALUES(100121,10,'S',1000000031);
INSERT INTO PROD_SIZE(SPROD_NO,SPROD_QTY,SPROD_SIZE,PROD_NO)
 VALUES(100122,10,'M',1000000031);
INSERT INTO PROD_SIZE(SPROD_NO,SPROD_QTY,SPROD_SIZE,PROD_NO)
 VALUES(100123,10,'L',1000000031);
INSERT INTO PROD_SIZE(SPROD_NO,SPROD_QTY,SPROD_SIZE,PROD_NO)
 VALUES(100124,10,'XL',1000000031);
 
INSERT INTO PROD_SIZE(SPROD_NO,SPROD_QTY,SPROD_SIZE,PROD_NO)
 VALUES(100125,10,'S',1000000032);
INSERT INTO PROD_SIZE(SPROD_NO,SPROD_QTY,SPROD_SIZE,PROD_NO)
 VALUES(100126,10,'M',1000000032);
INSERT INTO PROD_SIZE(SPROD_NO,SPROD_QTY,SPROD_SIZE,PROD_NO)
 VALUES(100127,10,'L',1000000032);
INSERT INTO PROD_SIZE(SPROD_NO,SPROD_QTY,SPROD_SIZE,PROD_NO)
 VALUES(100128,10,'XL',1000000032);
 
INSERT INTO PROD_SIZE(SPROD_NO,SPROD_QTY,SPROD_SIZE,PROD_NO)
 VALUES(100129,10,'S',1000000033);
INSERT INTO PROD_SIZE(SPROD_NO,SPROD_QTY,SPROD_SIZE,PROD_NO)
 VALUES(100130,10,'M',1000000033);
INSERT INTO PROD_SIZE(SPROD_NO,SPROD_QTY,SPROD_SIZE,PROD_NO)
 VALUES(100131,10,'L',1000000033);
INSERT INTO PROD_SIZE(SPROD_NO,SPROD_QTY,SPROD_SIZE,PROD_NO)
 VALUES(100132,10,'XL',1000000033);
 
INSERT INTO PROD_SIZE(SPROD_NO,SPROD_QTY,SPROD_SIZE,PROD_NO)
 VALUES(100133,10,'S',1000000034);
INSERT INTO PROD_SIZE(SPROD_NO,SPROD_QTY,SPROD_SIZE,PROD_NO)
 VALUES(100134,10,'M',1000000034);
INSERT INTO PROD_SIZE(SPROD_NO,SPROD_QTY,SPROD_SIZE,PROD_NO)
 VALUES(100135,10,'L',1000000034);
INSERT INTO PROD_SIZE(SPROD_NO,SPROD_QTY,SPROD_SIZE,PROD_NO)
 VALUES(100136,10,'XL',1000000034);
 
INSERT INTO PROD_SIZE(SPROD_NO,SPROD_QTY,SPROD_SIZE,PROD_NO)
 VALUES(100137,10,'S',1000000035);
INSERT INTO PROD_SIZE(SPROD_NO,SPROD_QTY,SPROD_SIZE,PROD_NO)
 VALUES(100138,10,'M',1000000035);
INSERT INTO PROD_SIZE(SPROD_NO,SPROD_QTY,SPROD_SIZE,PROD_NO)
 VALUES(100139,10,'L',1000000035);
INSERT INTO PROD_SIZE(SPROD_NO,SPROD_QTY,SPROD_SIZE,PROD_NO)
 VALUES(100140,10,'XL',1000000035);
 
INSERT INTO PROD_SIZE(SPROD_NO,SPROD_QTY,SPROD_SIZE,PROD_NO)
 VALUES(100141,10,'S',1000000036);
INSERT INTO PROD_SIZE(SPROD_NO,SPROD_QTY,SPROD_SIZE,PROD_NO)
 VALUES(100142,10,'M',1000000036);
INSERT INTO PROD_SIZE(SPROD_NO,SPROD_QTY,SPROD_SIZE,PROD_NO)
 VALUES(100143,10,'L',1000000036);
INSERT INTO PROD_SIZE(SPROD_NO,SPROD_QTY,SPROD_SIZE,PROD_NO)
 VALUES(100144,10,'XL',1000000036);

INSERT INTO PROD_SIZE(SPROD_NO,SPROD_QTY,SPROD_SIZE,PROD_NO)
 VALUES(100145,10,'S',1000000037);
INSERT INTO PROD_SIZE(SPROD_NO,SPROD_QTY,SPROD_SIZE,PROD_NO)
 VALUES(100146,10,'M',1000000037);
INSERT INTO PROD_SIZE(SPROD_NO,SPROD_QTY,SPROD_SIZE,PROD_NO)
 VALUES(100147,10,'L',1000000037);
INSERT INTO PROD_SIZE(SPROD_NO,SPROD_QTY,SPROD_SIZE,PROD_NO)
 VALUES(100148,10,'XL',1000000037);
 
INSERT INTO PROD_SIZE(SPROD_NO,SPROD_QTY,SPROD_SIZE,PROD_NO)
 VALUES(100149,10,'S',1000000038);
INSERT INTO PROD_SIZE(SPROD_NO,SPROD_QTY,SPROD_SIZE,PROD_NO)
 VALUES(100150,10,'M',1000000038);
INSERT INTO PROD_SIZE(SPROD_NO,SPROD_QTY,SPROD_SIZE,PROD_NO)
 VALUES(100151,10,'L',1000000038);
INSERT INTO PROD_SIZE(SPROD_NO,SPROD_QTY,SPROD_SIZE,PROD_NO)
 VALUES(100152,10,'XL',1000000038);

INSERT INTO PROD_SIZE(SPROD_NO,SPROD_QTY,SPROD_SIZE,PROD_NO)
 VALUES(100153,10,'S',1000000039);
INSERT INTO PROD_SIZE(SPROD_NO,SPROD_QTY,SPROD_SIZE,PROD_NO)
 VALUES(100154,10,'M',1000000039);
INSERT INTO PROD_SIZE(SPROD_NO,SPROD_QTY,SPROD_SIZE,PROD_NO)
 VALUES(100155,10,'L',1000000039);
INSERT INTO PROD_SIZE(SPROD_NO,SPROD_QTY,SPROD_SIZE,PROD_NO)
 VALUES(100156,10,'XL',1000000039);
 
INSERT INTO PROD_SIZE(SPROD_NO,SPROD_QTY,SPROD_SIZE,PROD_NO)
 VALUES(100157,10,'S',1000000040);
INSERT INTO PROD_SIZE(SPROD_NO,SPROD_QTY,SPROD_SIZE,PROD_NO)
 VALUES(100158,10,'M',1000000040);
INSERT INTO PROD_SIZE(SPROD_NO,SPROD_QTY,SPROD_SIZE,PROD_NO)
 VALUES(100159,10,'L',1000000040);
INSERT INTO PROD_SIZE(SPROD_NO,SPROD_QTY,SPROD_SIZE,PROD_NO)
 VALUES(100160,10,'XL',1000000040);
 
INSERT INTO PROD_SIZE(SPROD_NO,SPROD_QTY,SPROD_SIZE,PROD_NO)
 VALUES(100161,10,'S',1000000041);
INSERT INTO PROD_SIZE(SPROD_NO,SPROD_QTY,SPROD_SIZE,PROD_NO)
 VALUES(100162,10,'M',1000000041);
INSERT INTO PROD_SIZE(SPROD_NO,SPROD_QTY,SPROD_SIZE,PROD_NO)
 VALUES(100163,10,'L',1000000041);
INSERT INTO PROD_SIZE(SPROD_NO,SPROD_QTY,SPROD_SIZE,PROD_NO)
 VALUES(100164,10,'XL',1000000041);
 
INSERT INTO PROD_SIZE(SPROD_NO,SPROD_QTY,SPROD_SIZE,PROD_NO)
 VALUES(100165,10,'S',1000000042);
INSERT INTO PROD_SIZE(SPROD_NO,SPROD_QTY,SPROD_SIZE,PROD_NO)
 VALUES(100166,10,'M',1000000042);
INSERT INTO PROD_SIZE(SPROD_NO,SPROD_QTY,SPROD_SIZE,PROD_NO)
 VALUES(100167,10,'L',1000000042);
INSERT INTO PROD_SIZE(SPROD_NO,SPROD_QTY,SPROD_SIZE,PROD_NO)
 VALUES(100168,10,'XL',1000000042);
 
INSERT INTO PROD_SIZE(SPROD_NO,SPROD_QTY,SPROD_SIZE,PROD_NO)
 VALUES(100169,10,'S',1000000043);
INSERT INTO PROD_SIZE(SPROD_NO,SPROD_QTY,SPROD_SIZE,PROD_NO)
 VALUES(100170,10,'M',1000000043);
INSERT INTO PROD_SIZE(SPROD_NO,SPROD_QTY,SPROD_SIZE,PROD_NO)
 VALUES(100171,10,'L',1000000043);
INSERT INTO PROD_SIZE(SPROD_NO,SPROD_QTY,SPROD_SIZE,PROD_NO)
 VALUES(100172,10,'XL',1000000043);
 
INSERT INTO PROD_SIZE(SPROD_NO,SPROD_QTY,SPROD_SIZE,PROD_NO)
 VALUES(100173,10,'S',1000000044);
INSERT INTO PROD_SIZE(SPROD_NO,SPROD_QTY,SPROD_SIZE,PROD_NO)
 VALUES(100174,10,'M',1000000044);
INSERT INTO PROD_SIZE(SPROD_NO,SPROD_QTY,SPROD_SIZE,PROD_NO)
 VALUES(100175,10,'L',1000000044);
INSERT INTO PROD_SIZE(SPROD_NO,SPROD_QTY,SPROD_SIZE,PROD_NO)
 VALUES(100176,10,'XL',1000000044);
 
INSERT INTO PROD_SIZE(SPROD_NO,SPROD_QTY,SPROD_SIZE,PROD_NO)
 VALUES(100177,10,'S',1000000045);
INSERT INTO PROD_SIZE(SPROD_NO,SPROD_QTY,SPROD_SIZE,PROD_NO)
 VALUES(100178,10,'M',1000000045);
INSERT INTO PROD_SIZE(SPROD_NO,SPROD_QTY,SPROD_SIZE,PROD_NO)
 VALUES(100179,10,'L',1000000045);
INSERT INTO PROD_SIZE(SPROD_NO,SPROD_QTY,SPROD_SIZE,PROD_NO)
 VALUES(100180,10,'XL',1000000045);
 
INSERT INTO PROD_SIZE(SPROD_NO,SPROD_QTY,SPROD_SIZE,PROD_NO)
 VALUES(100181,10,'S',1000000046);
INSERT INTO PROD_SIZE(SPROD_NO,SPROD_QTY,SPROD_SIZE,PROD_NO)
 VALUES(100182,10,'M',1000000046);
INSERT INTO PROD_SIZE(SPROD_NO,SPROD_QTY,SPROD_SIZE,PROD_NO)
 VALUES(100183,10,'L',1000000046);
INSERT INTO PROD_SIZE(SPROD_NO,SPROD_QTY,SPROD_SIZE,PROD_NO)
 VALUES(100184,10,'XL',1000000046);
 
INSERT INTO PROD_SIZE(SPROD_NO,SPROD_QTY,SPROD_SIZE,PROD_NO)
 VALUES(100185,10,'S',1000000047);
INSERT INTO PROD_SIZE(SPROD_NO,SPROD_QTY,SPROD_SIZE,PROD_NO)
 VALUES(100186,10,'M',1000000047);
INSERT INTO PROD_SIZE(SPROD_NO,SPROD_QTY,SPROD_SIZE,PROD_NO)
 VALUES(100187,10,'L',1000000047);
INSERT INTO PROD_SIZE(SPROD_NO,SPROD_QTY,SPROD_SIZE,PROD_NO)
 VALUES(100188,10,'XL',1000000047);
 
INSERT INTO PROD_SIZE(SPROD_NO,SPROD_QTY,SPROD_SIZE,PROD_NO)
 VALUES(100189,10,'S',1000000048);
INSERT INTO PROD_SIZE(SPROD_NO,SPROD_QTY,SPROD_SIZE,PROD_NO)
 VALUES(100190,10,'M',1000000048);
INSERT INTO PROD_SIZE(SPROD_NO,SPROD_QTY,SPROD_SIZE,PROD_NO)
 VALUES(100191,10,'L',1000000048);
INSERT INTO PROD_SIZE(SPROD_NO,SPROD_QTY,SPROD_SIZE,PROD_NO)
 VALUES(100192,10,'XL',1000000048);
 
INSERT INTO PROD_SIZE(SPROD_NO,SPROD_QTY,SPROD_SIZE,PROD_NO)
 VALUES(100193,10,'S',1000000049);
INSERT INTO PROD_SIZE(SPROD_NO,SPROD_QTY,SPROD_SIZE,PROD_NO)
 VALUES(100194,10,'M',1000000049);
INSERT INTO PROD_SIZE(SPROD_NO,SPROD_QTY,SPROD_SIZE,PROD_NO)
 VALUES(100195,10,'L',1000000049);
INSERT INTO PROD_SIZE(SPROD_NO,SPROD_QTY,SPROD_SIZE,PROD_NO)
 VALUES(100196,10,'XL',1000000049);
 
INSERT INTO PROD_SIZE(SPROD_NO,SPROD_QTY,SPROD_SIZE,PROD_NO)
 VALUES(100197,10,'S',1000000050);
INSERT INTO PROD_SIZE(SPROD_NO,SPROD_QTY,SPROD_SIZE,PROD_NO)
 VALUES(100198,10,'M',1000000050);
INSERT INTO PROD_SIZE(SPROD_NO,SPROD_QTY,SPROD_SIZE,PROD_NO)
 VALUES(100199,10,'L',1000000050);
INSERT INTO PROD_SIZE(SPROD_NO,SPROD_QTY,SPROD_SIZE,PROD_NO)
 VALUES(100200,10,'XL',1000000050);


--상의
 INSERT INTO PROD_SIZE(SPROD_NO, SPROD_QTY, SPROD_SIZE, PROD_NO)
 VALUES(200001, 10, 'S', 2000000001);
 INSERT INTO PROD_SIZE(SPROD_NO, SPROD_QTY, SPROD_SIZE, PROD_NO)
 VALUES(200002, 10, 'M', 2000000001);
 INSERT INTO PROD_SIZE(SPROD_NO, SPROD_QTY, SPROD_SIZE, PROD_NO)
 VALUES(200003, 10, 'L', 2000000001);
 INSERT INTO PROD_SIZE(SPROD_NO, SPROD_QTY, SPROD_SIZE, PROD_NO)
 VALUES(200004, 10, 'XL', 2000000001);
 
 INSERT INTO PROD_SIZE(SPROD_NO, SPROD_QTY, SPROD_SIZE, PROD_NO)
 VALUES(200005, 10, 'S', 2000000002);
 INSERT INTO PROD_SIZE(SPROD_NO, SPROD_QTY, SPROD_SIZE, PROD_NO)
 VALUES(200006, 10, 'M', 2000000002);
 INSERT INTO PROD_SIZE(SPROD_NO, SPROD_QTY, SPROD_SIZE, PROD_NO)
 VALUES(200007, 10, 'L', 2000000002);
 INSERT INTO PROD_SIZE(SPROD_NO, SPROD_QTY, SPROD_SIZE, PROD_NO)
 VALUES(200008, 10, 'XL', 2000000002);
 
 INSERT INTO PROD_SIZE(SPROD_NO, SPROD_QTY, SPROD_SIZE, PROD_NO)
 VALUES(200009, 10, 'S', 2000000003);
 INSERT INTO PROD_SIZE(SPROD_NO, SPROD_QTY, SPROD_SIZE, PROD_NO)
 VALUES(200010, 10, 'M', 2000000003);
 INSERT INTO PROD_SIZE(SPROD_NO, SPROD_QTY, SPROD_SIZE, PROD_NO)
 VALUES(200011, 10, 'L', 2000000003);
 INSERT INTO PROD_SIZE(SPROD_NO, SPROD_QTY, SPROD_SIZE, PROD_NO)
 VALUES(200012, 10, 'XL', 2000000003);
 
 INSERT INTO PROD_SIZE(SPROD_NO, SPROD_QTY, SPROD_SIZE, PROD_NO)
 VALUES(200013, 10, 'S', 2000000004);
 INSERT INTO PROD_SIZE(SPROD_NO, SPROD_QTY, SPROD_SIZE, PROD_NO)
 VALUES(200014, 10, 'M', 2000000004);
 INSERT INTO PROD_SIZE(SPROD_NO, SPROD_QTY, SPROD_SIZE, PROD_NO)
 VALUES(200015, 10, 'L', 2000000004);
 INSERT INTO PROD_SIZE(SPROD_NO, SPROD_QTY, SPROD_SIZE, PROD_NO)
 VALUES(200016, 10, 'XL', 2000000004);
 
 INSERT INTO PROD_SIZE(SPROD_NO, SPROD_QTY, SPROD_SIZE, PROD_NO)
 VALUES(200017, 10, 'S', 2000000005);
 INSERT INTO PROD_SIZE(SPROD_NO, SPROD_QTY, SPROD_SIZE, PROD_NO)
 VALUES(200018, 10, 'M', 2000000005);
 INSERT INTO PROD_SIZE(SPROD_NO, SPROD_QTY, SPROD_SIZE, PROD_NO)
 VALUES(200019, 10, 'L', 2000000005);
 INSERT INTO PROD_SIZE(SPROD_NO, SPROD_QTY, SPROD_SIZE, PROD_NO)
 VALUES(200020, 10, 'XL', 2000000005);
 
 INSERT INTO PROD_SIZE(SPROD_NO, SPROD_QTY, SPROD_SIZE, PROD_NO)
 VALUES(200021, 10, 'S', 2000000006);
 INSERT INTO PROD_SIZE(SPROD_NO, SPROD_QTY, SPROD_SIZE, PROD_NO)
 VALUES(200022, 10, 'M', 2000000006);
 INSERT INTO PROD_SIZE(SPROD_NO, SPROD_QTY, SPROD_SIZE, PROD_NO)
 VALUES(200023, 10, 'L', 2000000006);
 INSERT INTO PROD_SIZE(SPROD_NO, SPROD_QTY, SPROD_SIZE, PROD_NO)
 VALUES(200024, 10, 'XL', 2000000006);
 
 INSERT INTO PROD_SIZE(SPROD_NO, SPROD_QTY, SPROD_SIZE, PROD_NO)
 VALUES(200025, 10, 'S', 2000000007);
 INSERT INTO PROD_SIZE(SPROD_NO, SPROD_QTY, SPROD_SIZE, PROD_NO)
 VALUES(200026, 10, 'M', 2000000007);
 INSERT INTO PROD_SIZE(SPROD_NO, SPROD_QTY, SPROD_SIZE, PROD_NO)
 VALUES(200027, 10, 'L', 2000000007);
 INSERT INTO PROD_SIZE(SPROD_NO, SPROD_QTY, SPROD_SIZE, PROD_NO)
 VALUES(200028, 10, 'XL', 2000000007);
 
 INSERT INTO PROD_SIZE(SPROD_NO, SPROD_QTY, SPROD_SIZE, PROD_NO)
 VALUES(200029, 10, 'S', 2000000008);
 INSERT INTO PROD_SIZE(SPROD_NO, SPROD_QTY, SPROD_SIZE, PROD_NO)
 VALUES(200030, 10, 'M', 2000000008);
 INSERT INTO PROD_SIZE(SPROD_NO, SPROD_QTY, SPROD_SIZE, PROD_NO)
 VALUES(200031, 10, 'L', 2000000008);
 INSERT INTO PROD_SIZE(SPROD_NO, SPROD_QTY, SPROD_SIZE, PROD_NO)
 VALUES(200032, 10, 'XL', 2000000008);
 
 INSERT INTO PROD_SIZE(SPROD_NO, SPROD_QTY, SPROD_SIZE, PROD_NO)
 VALUES(200033, 10, 'S', 2000000009);
 INSERT INTO PROD_SIZE(SPROD_NO, SPROD_QTY, SPROD_SIZE, PROD_NO)
 VALUES(200034, 10, 'M', 2000000009);
 INSERT INTO PROD_SIZE(SPROD_NO, SPROD_QTY, SPROD_SIZE, PROD_NO)
 VALUES(200035, 10, 'L', 2000000009);
 INSERT INTO PROD_SIZE(SPROD_NO, SPROD_QTY, SPROD_SIZE, PROD_NO)
 VALUES(200036, 10, 'XL', 2000000009);
 
 INSERT INTO PROD_SIZE(SPROD_NO, SPROD_QTY, SPROD_SIZE, PROD_NO)
 VALUES(200037, 10, 'S', 2000000010);
 INSERT INTO PROD_SIZE(SPROD_NO, SPROD_QTY, SPROD_SIZE, PROD_NO)
 VALUES(200038, 10, 'M', 2000000010);
 INSERT INTO PROD_SIZE(SPROD_NO, SPROD_QTY, SPROD_SIZE, PROD_NO)
 VALUES(200039, 10, 'L', 2000000010);
 INSERT INTO PROD_SIZE(SPROD_NO, SPROD_QTY, SPROD_SIZE, PROD_NO)
 VALUES(200040, 10, 'XL', 2000000010);
 
 INSERT INTO PROD_SIZE(SPROD_NO, SPROD_QTY, SPROD_SIZE, PROD_NO)
 VALUES(200041, 10, 'S', 2000000011);
 INSERT INTO PROD_SIZE(SPROD_NO, SPROD_QTY, SPROD_SIZE, PROD_NO)
 VALUES(200042, 10, 'M', 2000000011);
 INSERT INTO PROD_SIZE(SPROD_NO, SPROD_QTY, SPROD_SIZE, PROD_NO)
 VALUES(200043, 10, 'L', 2000000011);
 INSERT INTO PROD_SIZE(SPROD_NO, SPROD_QTY, SPROD_SIZE, PROD_NO)
 VALUES(200044, 10, 'XL', 2000000011);
 
 INSERT INTO PROD_SIZE(SPROD_NO, SPROD_QTY, SPROD_SIZE, PROD_NO)
 VALUES(200045, 10, 'S', 2000000012);
 INSERT INTO PROD_SIZE(SPROD_NO, SPROD_QTY, SPROD_SIZE, PROD_NO)
 VALUES(200046, 10, 'M', 2000000012);
 INSERT INTO PROD_SIZE(SPROD_NO, SPROD_QTY, SPROD_SIZE, PROD_NO)
 VALUES(200047, 10, 'L', 2000000012);
 INSERT INTO PROD_SIZE(SPROD_NO, SPROD_QTY, SPROD_SIZE, PROD_NO)
 VALUES(200048, 10, 'XL', 2000000012);
 
 INSERT INTO PROD_SIZE(SPROD_NO, SPROD_QTY, SPROD_SIZE, PROD_NO)
 VALUES(200049, 10, 'S', 2000000013);
 INSERT INTO PROD_SIZE(SPROD_NO, SPROD_QTY, SPROD_SIZE, PROD_NO)
 VALUES(200050, 10, 'M', 2000000013);
 INSERT INTO PROD_SIZE(SPROD_NO, SPROD_QTY, SPROD_SIZE, PROD_NO)
 VALUES(200051, 10, 'L', 2000000013);
 INSERT INTO PROD_SIZE(SPROD_NO, SPROD_QTY, SPROD_SIZE, PROD_NO)
 VALUES(200052, 10, 'XL', 2000000013);
 
 INSERT INTO PROD_SIZE(SPROD_NO, SPROD_QTY, SPROD_SIZE, PROD_NO)
 VALUES(200053, 10, 'S', 2000000014);
 INSERT INTO PROD_SIZE(SPROD_NO, SPROD_QTY, SPROD_SIZE, PROD_NO)
 VALUES(200054, 10, 'M', 2000000014);
 INSERT INTO PROD_SIZE(SPROD_NO, SPROD_QTY, SPROD_SIZE, PROD_NO)
 VALUES(200055, 10, 'L', 2000000014);
 INSERT INTO PROD_SIZE(SPROD_NO, SPROD_QTY, SPROD_SIZE, PROD_NO)
 VALUES(200056, 10, 'XL', 2000000014);
 
 INSERT INTO PROD_SIZE(SPROD_NO, SPROD_QTY, SPROD_SIZE, PROD_NO)
 VALUES(200057, 10, 'S', 2000000015);
 INSERT INTO PROD_SIZE(SPROD_NO, SPROD_QTY, SPROD_SIZE, PROD_NO)
 VALUES(200058, 10, 'M', 2000000015);
 INSERT INTO PROD_SIZE(SPROD_NO, SPROD_QTY, SPROD_SIZE, PROD_NO)
 VALUES(200059, 10, 'L', 2000000015);
 INSERT INTO PROD_SIZE(SPROD_NO, SPROD_QTY, SPROD_SIZE, PROD_NO)
 VALUES(200060, 10, 'XL', 2000000015);
 
 INSERT INTO PROD_SIZE(SPROD_NO, SPROD_QTY, SPROD_SIZE, PROD_NO)
 VALUES(200061, 10, 'S', 2000000016);
 INSERT INTO PROD_SIZE(SPROD_NO, SPROD_QTY, SPROD_SIZE, PROD_NO)
 VALUES(200062, 10, 'M', 2000000016);
 INSERT INTO PROD_SIZE(SPROD_NO, SPROD_QTY, SPROD_SIZE, PROD_NO)
 VALUES(200063, 10, 'L', 2000000016);
 INSERT INTO PROD_SIZE(SPROD_NO, SPROD_QTY, SPROD_SIZE, PROD_NO)
 VALUES(200064, 10, 'XL', 2000000016);
 
 INSERT INTO PROD_SIZE(SPROD_NO, SPROD_QTY, SPROD_SIZE, PROD_NO)
 VALUES(200065, 10, 'S', 2000000017);
 INSERT INTO PROD_SIZE(SPROD_NO, SPROD_QTY, SPROD_SIZE, PROD_NO)
 VALUES(200066, 10, 'M', 2000000017);
 INSERT INTO PROD_SIZE(SPROD_NO, SPROD_QTY, SPROD_SIZE, PROD_NO)
 VALUES(200067, 10, 'L', 2000000017);
 INSERT INTO PROD_SIZE(SPROD_NO, SPROD_QTY, SPROD_SIZE, PROD_NO)
 VALUES(200068, 10, 'XL', 2000000017);
 
 INSERT INTO PROD_SIZE(SPROD_NO, SPROD_QTY, SPROD_SIZE, PROD_NO)
 VALUES(200069, 10, 'S', 2000000018);
 INSERT INTO PROD_SIZE(SPROD_NO, SPROD_QTY, SPROD_SIZE, PROD_NO)
 VALUES(200070, 10, 'M', 2000000018);
 INSERT INTO PROD_SIZE(SPROD_NO, SPROD_QTY, SPROD_SIZE, PROD_NO)
 VALUES(200071, 10, 'L', 2000000018);
 INSERT INTO PROD_SIZE(SPROD_NO, SPROD_QTY, SPROD_SIZE, PROD_NO)
 VALUES(200072, 10, 'XL', 2000000018);

 INSERT INTO PROD_SIZE(SPROD_NO, SPROD_QTY, SPROD_SIZE, PROD_NO)
 VALUES(200073, 10, 'S', 2000000019);
 INSERT INTO PROD_SIZE(SPROD_NO, SPROD_QTY, SPROD_SIZE, PROD_NO)
 VALUES(200074, 10, 'M', 2000000019);
 INSERT INTO PROD_SIZE(SPROD_NO, SPROD_QTY, SPROD_SIZE, PROD_NO)
 VALUES(200075, 10, 'L', 2000000019);
 INSERT INTO PROD_SIZE(SPROD_NO, SPROD_QTY, SPROD_SIZE, PROD_NO)
 VALUES(200076, 10, 'XL', 2000000019);
 
 INSERT INTO PROD_SIZE(SPROD_NO, SPROD_QTY, SPROD_SIZE, PROD_NO)
 VALUES(200077, 10, 'S', 2000000020);
 INSERT INTO PROD_SIZE(SPROD_NO, SPROD_QTY, SPROD_SIZE, PROD_NO)
 VALUES(200078, 10, 'M', 2000000020);
 INSERT INTO PROD_SIZE(SPROD_NO, SPROD_QTY, SPROD_SIZE, PROD_NO)
 VALUES(200079, 10, 'L', 2000000020);
 INSERT INTO PROD_SIZE(SPROD_NO, SPROD_QTY, SPROD_SIZE, PROD_NO)
 VALUES(200080, 10, 'XL', 2000000020);
 
 INSERT INTO PROD_SIZE(SPROD_NO, SPROD_QTY, SPROD_SIZE, PROD_NO)
 VALUES(200081, 10, 'S', 2000000021);
 INSERT INTO PROD_SIZE(SPROD_NO, SPROD_QTY, SPROD_SIZE, PROD_NO)
 VALUES(200082, 10, 'M', 2000000021);
 INSERT INTO PROD_SIZE(SPROD_NO, SPROD_QTY, SPROD_SIZE, PROD_NO)
 VALUES(200083, 10, 'L', 2000000021);
 INSERT INTO PROD_SIZE(SPROD_NO, SPROD_QTY, SPROD_SIZE, PROD_NO)
 VALUES(200084, 10, 'XL', 2000000021);
 
 INSERT INTO PROD_SIZE(SPROD_NO, SPROD_QTY, SPROD_SIZE, PROD_NO)
 VALUES(200085, 10, 'S', 2000000022);
 INSERT INTO PROD_SIZE(SPROD_NO, SPROD_QTY, SPROD_SIZE, PROD_NO)
 VALUES(200086, 10, 'M', 2000000022);
 INSERT INTO PROD_SIZE(SPROD_NO, SPROD_QTY, SPROD_SIZE, PROD_NO)
 VALUES(200087, 10, 'L', 2000000022);
 INSERT INTO PROD_SIZE(SPROD_NO, SPROD_QTY, SPROD_SIZE, PROD_NO)
 VALUES(200088, 10, 'XL', 2000000022);
 
 INSERT INTO PROD_SIZE(SPROD_NO, SPROD_QTY, SPROD_SIZE, PROD_NO)
 VALUES(200089, 10, 'S', 2000000023);
 INSERT INTO PROD_SIZE(SPROD_NO, SPROD_QTY, SPROD_SIZE, PROD_NO)
 VALUES(200090, 10, 'M', 2000000023);
 INSERT INTO PROD_SIZE(SPROD_NO, SPROD_QTY, SPROD_SIZE, PROD_NO)
 VALUES(200091, 10, 'L', 2000000023);
 INSERT INTO PROD_SIZE(SPROD_NO, SPROD_QTY, SPROD_SIZE, PROD_NO)
 VALUES(200092, 10, 'XL', 2000000023);
 
 INSERT INTO PROD_SIZE(SPROD_NO, SPROD_QTY, SPROD_SIZE, PROD_NO)
 VALUES(200093, 10, 'S', 2000000024);
 INSERT INTO PROD_SIZE(SPROD_NO, SPROD_QTY, SPROD_SIZE, PROD_NO)
 VALUES(200094, 10, 'M', 2000000024);
 INSERT INTO PROD_SIZE(SPROD_NO, SPROD_QTY, SPROD_SIZE, PROD_NO)
 VALUES(200095, 10, 'L', 2000000024);
 INSERT INTO PROD_SIZE(SPROD_NO, SPROD_QTY, SPROD_SIZE, PROD_NO)
 VALUES(200096, 10, 'XL', 2000000024);
 
 INSERT INTO PROD_SIZE(SPROD_NO, SPROD_QTY, SPROD_SIZE, PROD_NO)
 VALUES(200097, 10, 'S', 2000000025);
 INSERT INTO PROD_SIZE(SPROD_NO, SPROD_QTY, SPROD_SIZE, PROD_NO)
 VALUES(200098, 10, 'M', 2000000025);
 INSERT INTO PROD_SIZE(SPROD_NO, SPROD_QTY, SPROD_SIZE, PROD_NO)
 VALUES(200099, 10, 'L', 2000000025);
 INSERT INTO PROD_SIZE(SPROD_NO, SPROD_QTY, SPROD_SIZE, PROD_NO)
 VALUES(200100, 10, 'XL', 2000000025);
 
 INSERT INTO PROD_SIZE(SPROD_NO, SPROD_QTY, SPROD_SIZE, PROD_NO)
 VALUES(200101, 10, 'S', 2000000026);
 INSERT INTO PROD_SIZE(SPROD_NO, SPROD_QTY, SPROD_SIZE, PROD_NO)
 VALUES(200102, 10, 'M', 2000000026);
 INSERT INTO PROD_SIZE(SPROD_NO, SPROD_QTY, SPROD_SIZE, PROD_NO)
 VALUES(200103, 10, 'L', 2000000026);
 INSERT INTO PROD_SIZE(SPROD_NO, SPROD_QTY, SPROD_SIZE, PROD_NO)
 VALUES(200104, 10, 'XL', 2000000026);
 
 INSERT INTO PROD_SIZE(SPROD_NO, SPROD_QTY, SPROD_SIZE, PROD_NO)
 VALUES(200105, 10, 'S', 2000000027);
 INSERT INTO PROD_SIZE(SPROD_NO, SPROD_QTY, SPROD_SIZE, PROD_NO)
 VALUES(200106, 10, 'M', 2000000027);
 INSERT INTO PROD_SIZE(SPROD_NO, SPROD_QTY, SPROD_SIZE, PROD_NO)
 VALUES(200107, 10, 'L', 2000000027);
 INSERT INTO PROD_SIZE(SPROD_NO, SPROD_QTY, SPROD_SIZE, PROD_NO)
 VALUES(200108, 10, 'XL', 2000000027);
 
 INSERT INTO PROD_SIZE(SPROD_NO, SPROD_QTY, SPROD_SIZE, PROD_NO)
 VALUES(200109, 10, 'S', 2000000028);
 INSERT INTO PROD_SIZE(SPROD_NO, SPROD_QTY, SPROD_SIZE, PROD_NO)
 VALUES(200110, 10, 'M', 2000000028);
 INSERT INTO PROD_SIZE(SPROD_NO, SPROD_QTY, SPROD_SIZE, PROD_NO)
 VALUES(200111, 10, 'L', 2000000028);
 INSERT INTO PROD_SIZE(SPROD_NO, SPROD_QTY, SPROD_SIZE, PROD_NO)
 VALUES(200112, 10, 'XL', 2000000028);
 
 INSERT INTO PROD_SIZE(SPROD_NO, SPROD_QTY, SPROD_SIZE, PROD_NO)
 VALUES(200113, 10, 'S', 2000000029);
 INSERT INTO PROD_SIZE(SPROD_NO, SPROD_QTY, SPROD_SIZE, PROD_NO)
 VALUES(200114, 10, 'M', 2000000029);
 INSERT INTO PROD_SIZE(SPROD_NO, SPROD_QTY, SPROD_SIZE, PROD_NO)
 VALUES(200115, 10, 'L', 2000000029);
 INSERT INTO PROD_SIZE(SPROD_NO, SPROD_QTY, SPROD_SIZE, PROD_NO)
 VALUES(200116, 10, 'XL', 2000000029);
 
 INSERT INTO PROD_SIZE(SPROD_NO, SPROD_QTY, SPROD_SIZE, PROD_NO)
 VALUES(200117, 10, 'S', 2000000030);
 INSERT INTO PROD_SIZE(SPROD_NO, SPROD_QTY, SPROD_SIZE, PROD_NO)
 VALUES(200118, 10, 'M', 2000000030);
 INSERT INTO PROD_SIZE(SPROD_NO, SPROD_QTY, SPROD_SIZE, PROD_NO)
 VALUES(200119, 10, 'L', 2000000030);
 INSERT INTO PROD_SIZE(SPROD_NO, SPROD_QTY, SPROD_SIZE, PROD_NO)
 VALUES(200120, 10, 'XL', 2000000030);
 
 INSERT INTO PROD_SIZE(SPROD_NO, SPROD_QTY, SPROD_SIZE, PROD_NO)
 VALUES(200121, 10, 'S', 2000000031);
 INSERT INTO PROD_SIZE(SPROD_NO, SPROD_QTY, SPROD_SIZE, PROD_NO)
 VALUES(200122, 10, 'M', 2000000031);
 INSERT INTO PROD_SIZE(SPROD_NO, SPROD_QTY, SPROD_SIZE, PROD_NO)
 VALUES(200123, 10, 'L', 2000000031);
 INSERT INTO PROD_SIZE(SPROD_NO, SPROD_QTY, SPROD_SIZE, PROD_NO)
 VALUES(200124, 10, 'XL', 2000000031);
 
 INSERT INTO PROD_SIZE(SPROD_NO, SPROD_QTY, SPROD_SIZE, PROD_NO)
 VALUES(200125, 10, 'S', 2000000032);
 INSERT INTO PROD_SIZE(SPROD_NO, SPROD_QTY, SPROD_SIZE, PROD_NO)
 VALUES(200126, 10, 'M', 2000000032);
 INSERT INTO PROD_SIZE(SPROD_NO, SPROD_QTY, SPROD_SIZE, PROD_NO)
 VALUES(200127, 10, 'L', 2000000032);
 INSERT INTO PROD_SIZE(SPROD_NO, SPROD_QTY, SPROD_SIZE, PROD_NO)
 VALUES(200128, 10, 'XL', 2000000032);
 
 INSERT INTO PROD_SIZE(SPROD_NO, SPROD_QTY, SPROD_SIZE, PROD_NO)
 VALUES(200129, 10, 'S', 2000000033);
 INSERT INTO PROD_SIZE(SPROD_NO, SPROD_QTY, SPROD_SIZE, PROD_NO)
 VALUES(200130, 10, 'M', 2000000033);
 INSERT INTO PROD_SIZE(SPROD_NO, SPROD_QTY, SPROD_SIZE, PROD_NO)
 VALUES(200131, 10, 'L', 2000000033);
 INSERT INTO PROD_SIZE(SPROD_NO, SPROD_QTY, SPROD_SIZE, PROD_NO)
 VALUES(200132, 10, 'XL', 2000000033);
 
 INSERT INTO PROD_SIZE(SPROD_NO, SPROD_QTY, SPROD_SIZE, PROD_NO)
 VALUES(200133, 10, 'S', 2000000034);
 INSERT INTO PROD_SIZE(SPROD_NO, SPROD_QTY, SPROD_SIZE, PROD_NO)
 VALUES(200134, 10, 'M', 2000000034);
 INSERT INTO PROD_SIZE(SPROD_NO, SPROD_QTY, SPROD_SIZE, PROD_NO)
 VALUES(200135, 10, 'L', 2000000034);
 INSERT INTO PROD_SIZE(SPROD_NO, SPROD_QTY, SPROD_SIZE, PROD_NO)
 VALUES(200136, 10, 'XL', 2000000034);
 
 INSERT INTO PROD_SIZE(SPROD_NO, SPROD_QTY, SPROD_SIZE, PROD_NO)
 VALUES(200137, 10, 'S', 2000000035);
 INSERT INTO PROD_SIZE(SPROD_NO, SPROD_QTY, SPROD_SIZE, PROD_NO)
 VALUES(200138, 10, 'M', 2000000035);
 INSERT INTO PROD_SIZE(SPROD_NO, SPROD_QTY, SPROD_SIZE, PROD_NO)
 VALUES(200139, 10, 'L', 2000000035);
 INSERT INTO PROD_SIZE(SPROD_NO, SPROD_QTY, SPROD_SIZE, PROD_NO)
 VALUES(200140, 10, 'XL', 2000000035);
 
 INSERT INTO PROD_SIZE(SPROD_NO, SPROD_QTY, SPROD_SIZE, PROD_NO)
 VALUES(200141, 10, 'S', 2000000036);
 INSERT INTO PROD_SIZE(SPROD_NO, SPROD_QTY, SPROD_SIZE, PROD_NO)
 VALUES(200142, 10, 'M', 2000000036);
 INSERT INTO PROD_SIZE(SPROD_NO, SPROD_QTY, SPROD_SIZE, PROD_NO)
 VALUES(200143, 10, 'L', 2000000036);
 INSERT INTO PROD_SIZE(SPROD_NO, SPROD_QTY, SPROD_SIZE, PROD_NO)
 VALUES(200144, 10, 'XL', 2000000036);
 
 INSERT INTO PROD_SIZE(SPROD_NO, SPROD_QTY, SPROD_SIZE, PROD_NO)
 VALUES(200145, 10, 'S', 2000000037);
 INSERT INTO PROD_SIZE(SPROD_NO, SPROD_QTY, SPROD_SIZE, PROD_NO)
 VALUES(200146, 10, 'M', 2000000037);
 INSERT INTO PROD_SIZE(SPROD_NO, SPROD_QTY, SPROD_SIZE, PROD_NO)
 VALUES(200147, 10, 'L', 2000000037);
 INSERT INTO PROD_SIZE(SPROD_NO, SPROD_QTY, SPROD_SIZE, PROD_NO)
 VALUES(200148, 10, 'XL', 2000000037);
 
 INSERT INTO PROD_SIZE(SPROD_NO, SPROD_QTY, SPROD_SIZE, PROD_NO)
 VALUES(200149, 10, 'S', 2000000038);
 INSERT INTO PROD_SIZE(SPROD_NO, SPROD_QTY, SPROD_SIZE, PROD_NO)
 VALUES(200150, 10, 'M', 2000000038);
 INSERT INTO PROD_SIZE(SPROD_NO, SPROD_QTY, SPROD_SIZE, PROD_NO)
 VALUES(200151, 10, 'L', 2000000038);
 INSERT INTO PROD_SIZE(SPROD_NO, SPROD_QTY, SPROD_SIZE, PROD_NO)
 VALUES(200152, 10, 'XL', 2000000038);
 
 INSERT INTO PROD_SIZE(SPROD_NO, SPROD_QTY, SPROD_SIZE, PROD_NO)
 VALUES(200153, 10, 'S', 2000000039);
 INSERT INTO PROD_SIZE(SPROD_NO, SPROD_QTY, SPROD_SIZE, PROD_NO)
 VALUES(200154, 10, 'M', 2000000039);
 INSERT INTO PROD_SIZE(SPROD_NO, SPROD_QTY, SPROD_SIZE, PROD_NO)
 VALUES(200155, 10, 'L', 2000000039);
 INSERT INTO PROD_SIZE(SPROD_NO, SPROD_QTY, SPROD_SIZE, PROD_NO)
 VALUES(200156, 10, 'XL', 2000000039);
 
 INSERT INTO PROD_SIZE(SPROD_NO, SPROD_QTY, SPROD_SIZE, PROD_NO)
 VALUES(200157, 10, 'S', 2000000040);
 INSERT INTO PROD_SIZE(SPROD_NO, SPROD_QTY, SPROD_SIZE, PROD_NO)
 VALUES(200158, 10, 'M', 2000000040);
 INSERT INTO PROD_SIZE(SPROD_NO, SPROD_QTY, SPROD_SIZE, PROD_NO)
 VALUES(200159, 10, 'L', 2000000040);
 INSERT INTO PROD_SIZE(SPROD_NO, SPROD_QTY, SPROD_SIZE, PROD_NO)
 VALUES(200160, 10, 'XL', 2000000040);
 
 INSERT INTO PROD_SIZE(SPROD_NO, SPROD_QTY, SPROD_SIZE, PROD_NO)
 VALUES(200157, 10, 'S', 2000000040);
 INSERT INTO PROD_SIZE(SPROD_NO, SPROD_QTY, SPROD_SIZE, PROD_NO)
 VALUES(200158, 10, 'M', 2000000040);
 INSERT INTO PROD_SIZE(SPROD_NO, SPROD_QTY, SPROD_SIZE, PROD_NO)
 VALUES(200159, 10, 'L', 2000000040);
 INSERT INTO PROD_SIZE(SPROD_NO, SPROD_QTY, SPROD_SIZE, PROD_NO)
 VALUES(200160, 10, 'XL', 2000000040);
 
 INSERT INTO PROD_SIZE(SPROD_NO, SPROD_QTY, SPROD_SIZE, PROD_NO)
 VALUES(200161, 10, 'S', 2000000041);
 INSERT INTO PROD_SIZE(SPROD_NO, SPROD_QTY, SPROD_SIZE, PROD_NO)
 VALUES(200162, 10, 'M', 2000000041);
 INSERT INTO PROD_SIZE(SPROD_NO, SPROD_QTY, SPROD_SIZE, PROD_NO)
 VALUES(200163, 10, 'L', 2000000041);
 INSERT INTO PROD_SIZE(SPROD_NO, SPROD_QTY, SPROD_SIZE, PROD_NO)
 VALUES(200164, 10, 'XL', 2000000041);
 
 INSERT INTO PROD_SIZE(SPROD_NO, SPROD_QTY, SPROD_SIZE, PROD_NO)
 VALUES(200165, 10, 'S', 2000000042);
 INSERT INTO PROD_SIZE(SPROD_NO, SPROD_QTY, SPROD_SIZE, PROD_NO)
 VALUES(200166, 10, 'M', 2000000042);
 INSERT INTO PROD_SIZE(SPROD_NO, SPROD_QTY, SPROD_SIZE, PROD_NO)
 VALUES(200167, 10, 'L', 2000000042);
 INSERT INTO PROD_SIZE(SPROD_NO, SPROD_QTY, SPROD_SIZE, PROD_NO)
 VALUES(200168, 10, 'XL', 2000000042);
 
 INSERT INTO PROD_SIZE(SPROD_NO, SPROD_QTY, SPROD_SIZE, PROD_NO)
 VALUES(200169, 10, 'S', 2000000043);
 INSERT INTO PROD_SIZE(SPROD_NO, SPROD_QTY, SPROD_SIZE, PROD_NO)
 VALUES(200170, 10, 'M', 2000000043);
 INSERT INTO PROD_SIZE(SPROD_NO, SPROD_QTY, SPROD_SIZE, PROD_NO)
 VALUES(200171, 10, 'L', 2000000043);
 INSERT INTO PROD_SIZE(SPROD_NO, SPROD_QTY, SPROD_SIZE, PROD_NO)
 VALUES(200172, 10, 'XL', 2000000043);
 
 INSERT INTO PROD_SIZE(SPROD_NO, SPROD_QTY, SPROD_SIZE, PROD_NO)
 VALUES(200173, 10, 'S', 2000000044);
 INSERT INTO PROD_SIZE(SPROD_NO, SPROD_QTY, SPROD_SIZE, PROD_NO)
 VALUES(200174, 10, 'M', 2000000044);
 INSERT INTO PROD_SIZE(SPROD_NO, SPROD_QTY, SPROD_SIZE, PROD_NO)
 VALUES(200175, 10, 'L', 2000000044);
 INSERT INTO PROD_SIZE(SPROD_NO, SPROD_QTY, SPROD_SIZE, PROD_NO)
 VALUES(200176, 10, 'XL', 2000000044);
 
 INSERT INTO PROD_SIZE(SPROD_NO, SPROD_QTY, SPROD_SIZE, PROD_NO)
 VALUES(200177, 10, 'S', 2000000045);
 INSERT INTO PROD_SIZE(SPROD_NO, SPROD_QTY, SPROD_SIZE, PROD_NO)
 VALUES(200178, 10, 'M', 2000000045);
 INSERT INTO PROD_SIZE(SPROD_NO, SPROD_QTY, SPROD_SIZE, PROD_NO)
 VALUES(200179, 10, 'L', 2000000045);
 INSERT INTO PROD_SIZE(SPROD_NO, SPROD_QTY, SPROD_SIZE, PROD_NO)
 VALUES(200180, 10, 'XL', 2000000045);
 
 INSERT INTO PROD_SIZE(SPROD_NO, SPROD_QTY, SPROD_SIZE, PROD_NO)
 VALUES(200181, 10, 'S', 2000000046);
 INSERT INTO PROD_SIZE(SPROD_NO, SPROD_QTY, SPROD_SIZE, PROD_NO)
 VALUES(200182, 10, 'M', 2000000046);
 INSERT INTO PROD_SIZE(SPROD_NO, SPROD_QTY, SPROD_SIZE, PROD_NO)
 VALUES(200183, 10, 'L', 2000000046);
 INSERT INTO PROD_SIZE(SPROD_NO, SPROD_QTY, SPROD_SIZE, PROD_NO)
 VALUES(200184, 10, 'XL', 2000000046);
 
 INSERT INTO PROD_SIZE(SPROD_NO, SPROD_QTY, SPROD_SIZE, PROD_NO)
 VALUES(200185, 10, 'S', 2000000047);
 INSERT INTO PROD_SIZE(SPROD_NO, SPROD_QTY, SPROD_SIZE, PROD_NO)
 VALUES(200186, 10, 'M', 2000000047);
 INSERT INTO PROD_SIZE(SPROD_NO, SPROD_QTY, SPROD_SIZE, PROD_NO)
 VALUES(200187, 10, 'L', 2000000047);
 INSERT INTO PROD_SIZE(SPROD_NO, SPROD_QTY, SPROD_SIZE, PROD_NO)
 VALUES(200188, 10, 'XL', 2000000047);
 
 INSERT INTO PROD_SIZE(SPROD_NO, SPROD_QTY, SPROD_SIZE, PROD_NO)
 VALUES(200189, 10, 'S', 2000000048);
 INSERT INTO PROD_SIZE(SPROD_NO, SPROD_QTY, SPROD_SIZE, PROD_NO)
 VALUES(200190, 10, 'M', 2000000048);
 INSERT INTO PROD_SIZE(SPROD_NO, SPROD_QTY, SPROD_SIZE, PROD_NO)
 VALUES(200191, 10, 'L', 2000000048);
 INSERT INTO PROD_SIZE(SPROD_NO, SPROD_QTY, SPROD_SIZE, PROD_NO)
 VALUES(200192, 10, 'XL', 2000000048);
 
 INSERT INTO PROD_SIZE(SPROD_NO, SPROD_QTY, SPROD_SIZE, PROD_NO)
 VALUES(200193, 10, 'S', 2000000049);
 INSERT INTO PROD_SIZE(SPROD_NO, SPROD_QTY, SPROD_SIZE, PROD_NO)
 VALUES(200194, 10, 'M', 2000000049);
 INSERT INTO PROD_SIZE(SPROD_NO, SPROD_QTY, SPROD_SIZE, PROD_NO)
 VALUES(200195, 10, 'L', 2000000049);
 INSERT INTO PROD_SIZE(SPROD_NO, SPROD_QTY, SPROD_SIZE, PROD_NO)
 VALUES(200196, 10, 'XL', 2000000049);
 
 INSERT INTO PROD_SIZE(SPROD_NO, SPROD_QTY, SPROD_SIZE, PROD_NO)
 VALUES(200197, 10, 'S', 2000000050);
 INSERT INTO PROD_SIZE(SPROD_NO, SPROD_QTY, SPROD_SIZE, PROD_NO)
 VALUES(200198, 10, 'M', 2000000050);
 INSERT INTO PROD_SIZE(SPROD_NO, SPROD_QTY, SPROD_SIZE, PROD_NO)
 VALUES(200199, 10, 'L', 2000000050);
 INSERT INTO PROD_SIZE(SPROD_NO, SPROD_QTY, SPROD_SIZE, PROD_NO)
 VALUES(200200, 10, 'XL', 2000000050);
 
 --하의
INSERT INTO PROD_SIZE
VALUES(300001, 10, 'S',3000000001);
INSERT INTO PROD_SIZE
VALUES(300002, 10, 'M',3000000001);
INSERT INTO PROD_SIZE
VALUES(300003, 10, 'L',3000000001);
INSERT INTO PROD_SIZE
VALUES(300004, 10, 'XL',3000000001);

INSERT INTO PROD_SIZE
VALUES(300005, 10, 'S',3000000002);
INSERT INTO PROD_SIZE
VALUES(300006, 10, 'M',3000000002);
INSERT INTO PROD_SIZE
VALUES(300007, 10, 'L',3000000002);
INSERT INTO PROD_SIZE
VALUES(300008, 10, 'XL',3000000002);

INSERT INTO PROD_SIZE
VALUES(300009, 10, 'S',3000000003);
INSERT INTO PROD_SIZE
VALUES(300010, 10, 'M',3000000003);
INSERT INTO PROD_SIZE
VALUES(300011, 10, 'L',3000000003);
INSERT INTO PROD_SIZE
VALUES(300012, 10, 'XL',3000000003);

INSERT INTO PROD_SIZE
VALUES(300013, 10, 'S',3000000004);
INSERT INTO PROD_SIZE
VALUES(300014, 10, 'M',3000000004);
INSERT INTO PROD_SIZE
VALUES(300015, 10, 'L',3000000004);
INSERT INTO PROD_SIZE
VALUES(300016, 10, 'XL',3000000004);

INSERT INTO PROD_SIZE
VALUES(300017, 10, 'S',3000000005);
INSERT INTO PROD_SIZE
VALUES(300018, 10, 'M',3000000005);
INSERT INTO PROD_SIZE
VALUES(300019, 10, 'L',3000000005);
INSERT INTO PROD_SIZE
VALUES(300020, 10, 'XL',3000000005);

INSERT INTO PROD_SIZE
VALUES(300021, 10, 'S',3000000006);
INSERT INTO PROD_SIZE
VALUES(300022, 10, 'M',3000000006);
INSERT INTO PROD_SIZE
VALUES(300023, 10, 'L',3000000006);
INSERT INTO PROD_SIZE
VALUES(300024, 10, 'XL',3000000006);


INSERT INTO PROD_SIZE
VALUES(300025, 10, 'S',3000000007);
INSERT INTO PROD_SIZE
VALUES(300026, 10, 'M',3000000007);
INSERT INTO PROD_SIZE
VALUES(300027, 10, 'L',3000000007);
INSERT INTO PROD_SIZE
VALUES(300028, 10, 'XL',3000000007);

INSERT INTO PROD_SIZE
VALUES(300029, 10, 'S',3000000008);
INSERT INTO PROD_SIZE
VALUES(300030, 10, 'M',3000000008);
INSERT INTO PROD_SIZE
VALUES(300031, 10, 'L',3000000008);
INSERT INTO PROD_SIZE
VALUES(300032, 10, 'XL',3000000008);

INSERT INTO PROD_SIZE
VALUES(300033, 10, 'S',3000000009);
INSERT INTO PROD_SIZE
VALUES(300034, 10, 'M',3000000009);
INSERT INTO PROD_SIZE
VALUES(300035, 10, 'L',3000000009);
INSERT INTO PROD_SIZE
VALUES(300036, 10, 'XL',3000000009);

INSERT INTO PROD_SIZE
VALUES(300037, 10, 'S',3000000010);
INSERT INTO PROD_SIZE
VALUES(300038, 10, 'M',3000000010);
INSERT INTO PROD_SIZE
VALUES(300039, 10, 'L',3000000010);
INSERT INTO PROD_SIZE
VALUES(300040, 10, 'XL',3000000010);

INSERT INTO PROD_SIZE
VALUES(300041, 10, 'S',3000000011);
INSERT INTO PROD_SIZE
VALUES(300042, 10, 'M',3000000011);
INSERT INTO PROD_SIZE
VALUES(300043, 10, 'L',3000000011);
INSERT INTO PROD_SIZE
VALUES(300044, 10, 'XL',3000000011);

INSERT INTO PROD_SIZE
VALUES(300045, 10, 'S',3000000012);
INSERT INTO PROD_SIZE
VALUES(300046, 10, 'M',3000000012);
INSERT INTO PROD_SIZE
VALUES(300047, 10, 'L',3000000012);
INSERT INTO PROD_SIZE
VALUES(300048, 10, 'XL',3000000012);

INSERT INTO PROD_SIZE
VALUES(300049, 10, 'S',3000000013);
INSERT INTO PROD_SIZE
VALUES(300050, 10, 'M',3000000013);
INSERT INTO PROD_SIZE
VALUES(300051, 10, 'L',3000000013);
INSERT INTO PROD_SIZE
VALUES(300052, 10, 'XL',3000000013);

INSERT INTO PROD_SIZE
VALUES(300053, 10, 'S',3000000014);
INSERT INTO PROD_SIZE
VALUES(300054, 10, 'M',3000000014);
INSERT INTO PROD_SIZE
VALUES(300055, 10, 'L',3000000014);
INSERT INTO PROD_SIZE
VALUES(300056, 10, 'XL',3000000014);

INSERT INTO PROD_SIZE
VALUES(300057, 10, 'S',3000000015);
INSERT INTO PROD_SIZE
VALUES(300058, 10, 'M',3000000015);
INSERT INTO PROD_SIZE
VALUES(300059, 10, 'L',3000000015);
INSERT INTO PROD_SIZE
VALUES(300060, 10, 'XL',3000000015);

INSERT INTO PROD_SIZE
VALUES(300061, 10, 'S',3000000016);
INSERT INTO PROD_SIZE
VALUES(300062, 10, 'M',3000000016);
INSERT INTO PROD_SIZE
VALUES(300063, 10, 'L',3000000016);
INSERT INTO PROD_SIZE
VALUES(300064, 10, 'XL',3000000016);

INSERT INTO PROD_SIZE
VALUES(300065, 10, 'S',3000000017);
INSERT INTO PROD_SIZE
VALUES(300066, 10, 'M',3000000017);
INSERT INTO PROD_SIZE
VALUES(300067, 10, 'L',3000000017);
INSERT INTO PROD_SIZE
VALUES(300068, 10, 'XL',3000000017);

INSERT INTO PROD_SIZE
VALUES(300069, 10, 'S',3000000018);
INSERT INTO PROD_SIZE
VALUES(300070, 10, 'M',3000000018);
INSERT INTO PROD_SIZE
VALUES(300071, 10, 'L',3000000018);
INSERT INTO PROD_SIZE
VALUES(300072, 10, 'XL',3000000018);

INSERT INTO PROD_SIZE
VALUES(300073, 10, 'S',3000000019);
INSERT INTO PROD_SIZE
VALUES(300074, 10, 'M',3000000019);
INSERT INTO PROD_SIZE
VALUES(300075, 10, 'L',3000000019);
INSERT INTO PROD_SIZE
VALUES(300076, 10, 'XL',3000000019);

INSERT INTO PROD_SIZE
VALUES(300077, 10, 'S',3000000020);
INSERT INTO PROD_SIZE
VALUES(300078, 10, 'M',3000000020);
INSERT INTO PROD_SIZE
VALUES(300079, 10, 'L',3000000020);
INSERT INTO PROD_SIZE
VALUES(300080, 10, 'XL',3000000020);

INSERT INTO PROD_SIZE
VALUES(300081, 10, 'S',3000000021);
INSERT INTO PROD_SIZE
VALUES(300082, 10, 'M',3000000021);
INSERT INTO PROD_SIZE
VALUES(300083, 10, 'L',3000000021);
INSERT INTO PROD_SIZE
VALUES(300084, 10, 'XL',3000000021);

INSERT INTO PROD_SIZE
VALUES(300085, 10, 'S',3000000022);
INSERT INTO PROD_SIZE
VALUES(300086, 10, 'M',3000000022);
INSERT INTO PROD_SIZE
VALUES(300087, 10, 'L',3000000022);
INSERT INTO PROD_SIZE
VALUES(300088, 10, 'XL',3000000022);

INSERT INTO PROD_SIZE
VALUES(300089, 10, 'S',3000000023);
INSERT INTO PROD_SIZE
VALUES(300090, 10, 'M',3000000023);
INSERT INTO PROD_SIZE
VALUES(300091, 10, 'L',3000000023);
INSERT INTO PROD_SIZE
VALUES(300092, 10, 'XL',3000000023);

INSERT INTO PROD_SIZE
VALUES(300093, 10, 'S',3000000024);
INSERT INTO PROD_SIZE
VALUES(300094, 10, 'M',3000000024);
INSERT INTO PROD_SIZE
VALUES(300095, 10, 'L',3000000024);
INSERT INTO PROD_SIZE
VALUES(300096, 10, 'XL',3000000024);

INSERT INTO PROD_SIZE
VALUES(300097, 10, 'S',3000000025);
INSERT INTO PROD_SIZE
VALUES(300098, 10, 'M',3000000025);
INSERT INTO PROD_SIZE
VALUES(300099, 10, 'L',3000000025);
INSERT INTO PROD_SIZE
VALUES(300100, 10, 'XL',3000000025);

INSERT INTO PROD_SIZE
VALUES(300101, 10, 'S',3000000026);
INSERT INTO PROD_SIZE
VALUES(300102, 10, 'M',3000000026);
INSERT INTO PROD_SIZE
VALUES(300103, 10, 'L',3000000026);
INSERT INTO PROD_SIZE
VALUES(300104, 10, 'XL',3000000026);

INSERT INTO PROD_SIZE
VALUES(300105, 10, 'S',3000000027);
INSERT INTO PROD_SIZE
VALUES(300106, 10, 'M',3000000027);
INSERT INTO PROD_SIZE
VALUES(300107, 10, 'L',3000000027);
INSERT INTO PROD_SIZE
VALUES(300108, 10, 'XL',3000000027);

INSERT INTO PROD_SIZE
VALUES(300109, 10, 'S',3000000028);
INSERT INTO PROD_SIZE
VALUES(300110, 10, 'M',3000000028);
INSERT INTO PROD_SIZE
VALUES(300111, 10, 'L',3000000028);
INSERT INTO PROD_SIZE
VALUES(300112, 10, 'XL',3000000028);

INSERT INTO PROD_SIZE
VALUES(300113, 10, 'S',3000000029);
INSERT INTO PROD_SIZE
VALUES(300114, 10, 'M',3000000029);
INSERT INTO PROD_SIZE
VALUES(300115, 10, 'L',3000000029);
INSERT INTO PROD_SIZE
VALUES(300116, 10, 'XL',3000000029);

INSERT INTO PROD_SIZE
VALUES(300117, 10, 'S',3000000030);
INSERT INTO PROD_SIZE
VALUES(300118, 10, 'M',3000000030);
INSERT INTO PROD_SIZE
VALUES(300119, 10, 'L',3000000030);
INSERT INTO PROD_SIZE
VALUES(300120, 10, 'XL',3000000030);

INSERT INTO PROD_SIZE
VALUES(300121, 10, 'S',3000000031);
INSERT INTO PROD_SIZE
VALUES(300122, 10, 'M',3000000031);
INSERT INTO PROD_SIZE
VALUES(300123, 10, 'L',3000000031);
INSERT INTO PROD_SIZE
VALUES(300124, 10, 'XL',3000000031);

INSERT INTO PROD_SIZE
VALUES(300125, 10, 'S',3000000032);
INSERT INTO PROD_SIZE
VALUES(300126, 10, 'M',3000000032);
INSERT INTO PROD_SIZE
VALUES(300127, 10, 'L',3000000032);
INSERT INTO PROD_SIZE
VALUES(300128, 10, 'XL',3000000032);

INSERT INTO PROD_SIZE
VALUES(300129, 10, 'S',3000000033);
INSERT INTO PROD_SIZE
VALUES(300130, 10, 'M',3000000033);
INSERT INTO PROD_SIZE
VALUES(300131, 10, 'L',3000000033);
INSERT INTO PROD_SIZE
VALUES(300132, 10, 'XL',3000000033);

INSERT INTO PROD_SIZE
VALUES(300133, 10, 'S',3000000034);
INSERT INTO PROD_SIZE
VALUES(300134, 10, 'M',3000000034);
INSERT INTO PROD_SIZE
VALUES(300135, 10, 'L',3000000034);
INSERT INTO PROD_SIZE
VALUES(300136, 10, 'XL',3000000034);

INSERT INTO PROD_SIZE
VALUES(300137, 10, 'S',3000000035);
INSERT INTO PROD_SIZE
VALUES(300138, 10, 'M',3000000035);
INSERT INTO PROD_SIZE
VALUES(300139, 10, 'L',3000000035);
INSERT INTO PROD_SIZE
VALUES(300140, 10, 'XL',3000000035);

INSERT INTO PROD_SIZE
VALUES(300141, 10, 'S',3000000036);
INSERT INTO PROD_SIZE
VALUES(300142, 10, 'M',3000000036);
INSERT INTO PROD_SIZE
VALUES(300143, 10, 'L',3000000036);
INSERT INTO PROD_SIZE
VALUES(300144, 10, 'XL',3000000036);

INSERT INTO PROD_SIZE
VALUES(300145, 10, 'S',3000000037);
INSERT INTO PROD_SIZE
VALUES(300146, 10, 'M',3000000037);
INSERT INTO PROD_SIZE
VALUES(300147, 10, 'L',3000000037);
INSERT INTO PROD_SIZE
VALUES(300148, 10, 'XL',3000000037);

INSERT INTO PROD_SIZE
VALUES(300149, 10, 'S',3000000038);
INSERT INTO PROD_SIZE
VALUES(300150, 10, 'M',3000000038);
INSERT INTO PROD_SIZE
VALUES(300151, 10, 'L',3000000038);
INSERT INTO PROD_SIZE
VALUES(300152, 10, 'XL',3000000038);

INSERT INTO PROD_SIZE
VALUES(300153, 10, 'S',3000000039);
INSERT INTO PROD_SIZE
VALUES(300154, 10, 'M',3000000039);
INSERT INTO PROD_SIZE
VALUES(300155, 10, 'L',3000000039);
INSERT INTO PROD_SIZE
VALUES(300156, 10, 'XL',3000000039);

INSERT INTO PROD_SIZE
VALUES(300157, 10, 'S',3000000040);
INSERT INTO PROD_SIZE
VALUES(300158, 10, 'M',3000000040);
INSERT INTO PROD_SIZE
VALUES(300159, 10, 'L',3000000040);
INSERT INTO PROD_SIZE
VALUES(300160, 10, 'XL',3000000040);

INSERT INTO PROD_SIZE
VALUES(300161, 10, 'S',3000000041);
INSERT INTO PROD_SIZE
VALUES(300162, 10, 'M',3000000041);
INSERT INTO PROD_SIZE
VALUES(300163, 10, 'L',3000000041);
INSERT INTO PROD_SIZE
VALUES(300164, 10, 'XL',3000000041);

INSERT INTO PROD_SIZE
VALUES(300165, 10, 'S',3000000042);
INSERT INTO PROD_SIZE
VALUES(300166, 10, 'M',3000000042);
INSERT INTO PROD_SIZE
VALUES(300167, 10, 'L',3000000042);
INSERT INTO PROD_SIZE
VALUES(300168, 10, 'XL',3000000042);

INSERT INTO PROD_SIZE
VALUES(300169, 10, 'S',3000000043);
INSERT INTO PROD_SIZE
VALUES(300170, 10, 'M',3000000043);
INSERT INTO PROD_SIZE
VALUES(300171, 10, 'L',3000000043);
INSERT INTO PROD_SIZE
VALUES(300172, 10, 'XL',3000000043);

INSERT INTO PROD_SIZE
VALUES(300173, 10, 'S',3000000044);
INSERT INTO PROD_SIZE
VALUES(300174, 10, 'M',3000000044);
INSERT INTO PROD_SIZE
VALUES(300175, 10, 'L',3000000044);
INSERT INTO PROD_SIZE
VALUES(300176, 10, 'XL',3000000044);

INSERT INTO PROD_SIZE
VALUES(300177, 10, 'S',3000000045);
INSERT INTO PROD_SIZE
VALUES(300178, 10, 'M',3000000045);
INSERT INTO PROD_SIZE
VALUES(300179, 10, 'L',3000000045);
INSERT INTO PROD_SIZE
VALUES(300180, 10, 'XL',3000000045);

INSERT INTO PROD_SIZE
VALUES(300181, 10, 'S',3000000046);
INSERT INTO PROD_SIZE
VALUES(300182, 10, 'M',3000000046);
INSERT INTO PROD_SIZE
VALUES(300183, 10, 'L',3000000046);
INSERT INTO PROD_SIZE
VALUES(300184, 10, 'XL',3000000046);

INSERT INTO PROD_SIZE
VALUES(300185, 10, 'S',3000000047);
INSERT INTO PROD_SIZE
VALUES(300186, 10, 'M',3000000047);
INSERT INTO PROD_SIZE
VALUES(300187, 10, 'L',3000000047);
INSERT INTO PROD_SIZE
VALUES(300188, 10, 'XL',3000000047);

INSERT INTO PROD_SIZE
VALUES(300189, 10, 'S',3000000048);
INSERT INTO PROD_SIZE
VALUES(300190, 10, 'M',3000000048);
INSERT INTO PROD_SIZE
VALUES(300191, 10, 'L',3000000048);
INSERT INTO PROD_SIZE
VALUES(300192, 10, 'XL',3000000048);

INSERT INTO PROD_SIZE
VALUES(300193, 10, 'S',3000000049);
INSERT INTO PROD_SIZE
VALUES(300194, 10, 'M',3000000049);
INSERT INTO PROD_SIZE
VALUES(300195, 10, 'L',3000000049);
INSERT INTO PROD_SIZE
VALUES(300196, 10, 'XL',3000000049);

INSERT INTO PROD_SIZE
VALUES(300197, 10, 'S',3000000050);
INSERT INTO PROD_SIZE
VALUES(300198, 10, 'M',3000000050);
INSERT INTO PROD_SIZE
VALUES(300199, 10, 'L',3000000050);
INSERT INTO PROD_SIZE
VALUES(300200, 10, 'XL',3000000050);


--신발
--4000000001
 INSERT INTO PROD_SIZE(SPROD_NO,SPROD_QTY,SPROD_SIZE,PROD_NO)
 VALUES(400001, 10, 220, 4000000001);
 INSERT INTO PROD_SIZE(SPROD_NO,SPROD_QTY,SPROD_SIZE,PROD_NO)
 VALUES(400002, 10, 225, 4000000001);
 INSERT INTO PROD_SIZE(SPROD_NO,SPROD_QTY,SPROD_SIZE,PROD_NO)
 VALUES(400003, 10, 230, 4000000001);
 INSERT INTO PROD_SIZE(SPROD_NO,SPROD_QTY,SPROD_SIZE,PROD_NO)
 VALUES(400004, 10, 235, 4000000001);
 INSERT INTO PROD_SIZE(SPROD_NO,SPROD_QTY,SPROD_SIZE,PROD_NO)
 VALUES(400005, 10, 240, 4000000001);
 INSERT INTO PROD_SIZE(SPROD_NO,SPROD_QTY,SPROD_SIZE,PROD_NO)
 VALUES(400006, 10, 245, 4000000001);
 INSERT INTO PROD_SIZE(SPROD_NO,SPROD_QTY,SPROD_SIZE,PROD_NO)
 VALUES(400007, 10, 250, 4000000001);
 INSERT INTO PROD_SIZE(SPROD_NO,SPROD_QTY,SPROD_SIZE,PROD_NO)
 VALUES(400008, 10, 255, 4000000001);
 INSERT INTO PROD_SIZE(SPROD_NO,SPROD_QTY,SPROD_SIZE,PROD_NO)
 VALUES(400009, 10, 260, 4000000001);
 INSERT INTO PROD_SIZE(SPROD_NO,SPROD_QTY,SPROD_SIZE,PROD_NO)
 VALUES(400010, 10, 265, 4000000001);
 INSERT INTO PROD_SIZE(SPROD_NO,SPROD_QTY,SPROD_SIZE,PROD_NO)
 VALUES(400011, 10, 270, 4000000001);
 INSERT INTO PROD_SIZE(SPROD_NO,SPROD_QTY,SPROD_SIZE,PROD_NO)
 VALUES(400012, 10, 275, 4000000001);
 INSERT INTO PROD_SIZE(SPROD_NO,SPROD_QTY,SPROD_SIZE,PROD_NO)
 VALUES(400013, 10, 280, 4000000001);
 INSERT INTO PROD_SIZE(SPROD_NO,SPROD_QTY,SPROD_SIZE,PROD_NO)
 VALUES(400014, 10, 285, 4000000001);
 INSERT INTO PROD_SIZE(SPROD_NO,SPROD_QTY,SPROD_SIZE,PROD_NO)
 VALUES(400015, 10, 290, 4000000001);

--4000000002
 INSERT INTO PROD_SIZE(SPROD_NO,SPROD_QTY,SPROD_SIZE,PROD_NO)
 VALUES(400016, 10, 220, 4000000002);
 INSERT INTO PROD_SIZE(SPROD_NO,SPROD_QTY,SPROD_SIZE,PROD_NO)
 VALUES(400017, 10, 225, 4000000002);
 INSERT INTO PROD_SIZE(SPROD_NO,SPROD_QTY,SPROD_SIZE,PROD_NO)
 VALUES(400018, 10, 230, 4000000002);
 INSERT INTO PROD_SIZE(SPROD_NO,SPROD_QTY,SPROD_SIZE,PROD_NO)
 VALUES(400019, 10, 235, 4000000002);
 INSERT INTO PROD_SIZE(SPROD_NO,SPROD_QTY,SPROD_SIZE,PROD_NO)
 VALUES(400020, 10, 240, 4000000002);
 INSERT INTO PROD_SIZE(SPROD_NO,SPROD_QTY,SPROD_SIZE,PROD_NO)
 VALUES(400021, 10, 245, 4000000002);
 INSERT INTO PROD_SIZE(SPROD_NO,SPROD_QTY,SPROD_SIZE,PROD_NO)
 VALUES(400022, 10, 250, 4000000002);
 INSERT INTO PROD_SIZE(SPROD_NO,SPROD_QTY,SPROD_SIZE,PROD_NO)
 VALUES(400023, 10, 255, 4000000002);
 INSERT INTO PROD_SIZE(SPROD_NO,SPROD_QTY,SPROD_SIZE,PROD_NO)
 VALUES(400024, 10, 260, 4000000002);
 INSERT INTO PROD_SIZE(SPROD_NO,SPROD_QTY,SPROD_SIZE,PROD_NO)
 VALUES(400025, 10, 265, 4000000002);
 INSERT INTO PROD_SIZE(SPROD_NO,SPROD_QTY,SPROD_SIZE,PROD_NO)
 VALUES(400026, 10, 270, 4000000002);
 INSERT INTO PROD_SIZE(SPROD_NO,SPROD_QTY,SPROD_SIZE,PROD_NO)
 VALUES(400027, 10, 275, 4000000002);
 INSERT INTO PROD_SIZE(SPROD_NO,SPROD_QTY,SPROD_SIZE,PROD_NO)
 VALUES(400028, 10, 280, 4000000002);
 INSERT INTO PROD_SIZE(SPROD_NO,SPROD_QTY,SPROD_SIZE,PROD_NO)
 VALUES(400029, 10, 285, 4000000002);
 INSERT INTO PROD_SIZE(SPROD_NO,SPROD_QTY,SPROD_SIZE,PROD_NO)
 VALUES(400030, 10, 290, 4000000002);
 
--4000000003
 INSERT INTO PROD_SIZE(SPROD_NO,SPROD_QTY,SPROD_SIZE,PROD_NO)
 VALUES(400031, 10, 220, 4000000003);
 INSERT INTO PROD_SIZE(SPROD_NO,SPROD_QTY,SPROD_SIZE,PROD_NO)
 VALUES(400032, 10, 225, 4000000003);
 INSERT INTO PROD_SIZE(SPROD_NO,SPROD_QTY,SPROD_SIZE,PROD_NO)
 VALUES(400033, 10, 230, 4000000003);
 INSERT INTO PROD_SIZE(SPROD_NO,SPROD_QTY,SPROD_SIZE,PROD_NO)
 VALUES(400034, 10, 240, 4000000003);
 INSERT INTO PROD_SIZE(SPROD_NO,SPROD_QTY,SPROD_SIZE,PROD_NO)
 VALUES(400035, 10, 245, 4000000003);
 INSERT INTO PROD_SIZE(SPROD_NO,SPROD_QTY,SPROD_SIZE,PROD_NO)
 VALUES(400036, 10, 250, 4000000003);
 INSERT INTO PROD_SIZE(SPROD_NO,SPROD_QTY,SPROD_SIZE,PROD_NO)
 VALUES(400037, 10, 255, 4000000003);
 INSERT INTO PROD_SIZE(SPROD_NO,SPROD_QTY,SPROD_SIZE,PROD_NO)
 VALUES(400038, 10, 260, 4000000003);
 INSERT INTO PROD_SIZE(SPROD_NO,SPROD_QTY,SPROD_SIZE,PROD_NO)
 VALUES(400039, 10, 265, 4000000003);
 INSERT INTO PROD_SIZE(SPROD_NO,SPROD_QTY,SPROD_SIZE,PROD_NO)
 VALUES(400040, 10, 270, 4000000003);
 INSERT INTO PROD_SIZE(SPROD_NO,SPROD_QTY,SPROD_SIZE,PROD_NO)
 VALUES(400041, 10, 275, 4000000003);
 INSERT INTO PROD_SIZE(SPROD_NO,SPROD_QTY,SPROD_SIZE,PROD_NO)
 VALUES(400042, 10, 280, 4000000003);
 INSERT INTO PROD_SIZE(SPROD_NO,SPROD_QTY,SPROD_SIZE,PROD_NO)
 VALUES(400043, 10, 285, 4000000003);
 INSERT INTO PROD_SIZE(SPROD_NO,SPROD_QTY,SPROD_SIZE,PROD_NO)
 VALUES(400044, 10, 290, 4000000003); 
 INSERT INTO PROD_SIZE(SPROD_NO,SPROD_QTY,SPROD_SIZE,PROD_NO)
 VALUES(400045, 10, 235, 4000000003);
 
--4000000004
 INSERT INTO PROD_SIZE(SPROD_NO,SPROD_QTY,SPROD_SIZE,PROD_NO)
 VALUES(400046, 10, 220, 4000000004);
 INSERT INTO PROD_SIZE(SPROD_NO,SPROD_QTY,SPROD_SIZE,PROD_NO)
 VALUES(400047, 10, 225, 4000000004);
 INSERT INTO PROD_SIZE(SPROD_NO,SPROD_QTY,SPROD_SIZE,PROD_NO)
 VALUES(400048, 10, 230, 4000000004);
 INSERT INTO PROD_SIZE(SPROD_NO,SPROD_QTY,SPROD_SIZE,PROD_NO)
 VALUES(400049, 10, 240, 4000000004);
 INSERT INTO PROD_SIZE(SPROD_NO,SPROD_QTY,SPROD_SIZE,PROD_NO)
 VALUES(400050, 10, 245, 4000000004);
 INSERT INTO PROD_SIZE(SPROD_NO,SPROD_QTY,SPROD_SIZE,PROD_NO)
 VALUES(400051, 10, 250, 4000000004);
 INSERT INTO PROD_SIZE(SPROD_NO,SPROD_QTY,SPROD_SIZE,PROD_NO)
 VALUES(400052, 10, 255, 4000000004);
 INSERT INTO PROD_SIZE(SPROD_NO,SPROD_QTY,SPROD_SIZE,PROD_NO)
 VALUES(400053, 10, 260, 4000000004);
 INSERT INTO PROD_SIZE(SPROD_NO,SPROD_QTY,SPROD_SIZE,PROD_NO)
 VALUES(400054, 10, 265, 4000000004);
 INSERT INTO PROD_SIZE(SPROD_NO,SPROD_QTY,SPROD_SIZE,PROD_NO)
 VALUES(400055, 10, 270, 4000000004);
 INSERT INTO PROD_SIZE(SPROD_NO,SPROD_QTY,SPROD_SIZE,PROD_NO)
 VALUES(400056, 10, 275, 4000000004);
 INSERT INTO PROD_SIZE(SPROD_NO,SPROD_QTY,SPROD_SIZE,PROD_NO)
 VALUES(400057, 10, 280, 4000000004);
 INSERT INTO PROD_SIZE(SPROD_NO,SPROD_QTY,SPROD_SIZE,PROD_NO)
 VALUES(400058, 10, 285, 4000000004);
 INSERT INTO PROD_SIZE(SPROD_NO,SPROD_QTY,SPROD_SIZE,PROD_NO)
 VALUES(400059, 10, 290, 4000000004); 
 INSERT INTO PROD_SIZE(SPROD_NO,SPROD_QTY,SPROD_SIZE,PROD_NO)
 VALUES(400060, 10, 235, 4000000004);
 
--4000000005
 INSERT INTO PROD_SIZE(SPROD_NO,SPROD_QTY,SPROD_SIZE,PROD_NO)
 VALUES(400061, 10, 220, 4000000005);
 INSERT INTO PROD_SIZE(SPROD_NO,SPROD_QTY,SPROD_SIZE,PROD_NO)
 VALUES(400062, 10, 225, 4000000005);
 INSERT INTO PROD_SIZE(SPROD_NO,SPROD_QTY,SPROD_SIZE,PROD_NO)
 VALUES(400063, 10, 230, 4000000005);
 INSERT INTO PROD_SIZE(SPROD_NO,SPROD_QTY,SPROD_SIZE,PROD_NO)
 VALUES(400064, 10, 240, 4000000005);
 INSERT INTO PROD_SIZE(SPROD_NO,SPROD_QTY,SPROD_SIZE,PROD_NO)
 VALUES(400065, 10, 245, 4000000005);
 INSERT INTO PROD_SIZE(SPROD_NO,SPROD_QTY,SPROD_SIZE,PROD_NO)
 VALUES(400066, 10, 250, 4000000005);
 INSERT INTO PROD_SIZE(SPROD_NO,SPROD_QTY,SPROD_SIZE,PROD_NO)
 VALUES(400067, 10, 255, 4000000005);
 INSERT INTO PROD_SIZE(SPROD_NO,SPROD_QTY,SPROD_SIZE,PROD_NO)
 VALUES(400068, 10, 260, 4000000005);
 INSERT INTO PROD_SIZE(SPROD_NO,SPROD_QTY,SPROD_SIZE,PROD_NO)
 VALUES(400069, 10, 265, 4000000005);
 INSERT INTO PROD_SIZE(SPROD_NO,SPROD_QTY,SPROD_SIZE,PROD_NO)
 VALUES(400070, 10, 270, 4000000005);
 INSERT INTO PROD_SIZE(SPROD_NO,SPROD_QTY,SPROD_SIZE,PROD_NO)
 VALUES(400071, 10, 275, 4000000005);
 INSERT INTO PROD_SIZE(SPROD_NO,SPROD_QTY,SPROD_SIZE,PROD_NO)
 VALUES(400072, 10, 280, 4000000005);
 INSERT INTO PROD_SIZE(SPROD_NO,SPROD_QTY,SPROD_SIZE,PROD_NO)
 VALUES(400073, 10, 285, 4000000005);
 INSERT INTO PROD_SIZE(SPROD_NO,SPROD_QTY,SPROD_SIZE,PROD_NO)
 VALUES(400074, 10, 290, 4000000005); 
 INSERT INTO PROD_SIZE(SPROD_NO,SPROD_QTY,SPROD_SIZE,PROD_NO)
 VALUES(400075, 10, 235, 4000000005);
COMMIT; 

--4000000006
 INSERT INTO PROD_SIZE(SPROD_NO,SPROD_QTY,SPROD_SIZE,PROD_NO)
 VALUES(400076, 10, 220, 4000000006);
 INSERT INTO PROD_SIZE(SPROD_NO,SPROD_QTY,SPROD_SIZE,PROD_NO)
 VALUES(400077, 10, 225, 4000000006);
 INSERT INTO PROD_SIZE(SPROD_NO,SPROD_QTY,SPROD_SIZE,PROD_NO)
 VALUES(400078, 10, 230, 4000000006);
 INSERT INTO PROD_SIZE(SPROD_NO,SPROD_QTY,SPROD_SIZE,PROD_NO)
 VALUES(400079, 10, 240, 4000000006);
 INSERT INTO PROD_SIZE(SPROD_NO,SPROD_QTY,SPROD_SIZE,PROD_NO)
 VALUES(400080, 10, 245, 4000000006);
 INSERT INTO PROD_SIZE(SPROD_NO,SPROD_QTY,SPROD_SIZE,PROD_NO)
 VALUES(400081, 10, 250, 4000000006);
 INSERT INTO PROD_SIZE(SPROD_NO,SPROD_QTY,SPROD_SIZE,PROD_NO)
 VALUES(400082, 10, 255, 4000000006);
 INSERT INTO PROD_SIZE(SPROD_NO,SPROD_QTY,SPROD_SIZE,PROD_NO)
 VALUES(400083, 10, 260, 4000000006);
 INSERT INTO PROD_SIZE(SPROD_NO,SPROD_QTY,SPROD_SIZE,PROD_NO)
 VALUES(400084, 10, 265, 4000000006);
 INSERT INTO PROD_SIZE(SPROD_NO,SPROD_QTY,SPROD_SIZE,PROD_NO)
 VALUES(400085, 10, 270, 4000000006);
 INSERT INTO PROD_SIZE(SPROD_NO,SPROD_QTY,SPROD_SIZE,PROD_NO)
 VALUES(400086, 10, 275, 4000000006);
 INSERT INTO PROD_SIZE(SPROD_NO,SPROD_QTY,SPROD_SIZE,PROD_NO)
 VALUES(400087, 10, 280, 4000000006);
 INSERT INTO PROD_SIZE(SPROD_NO,SPROD_QTY,SPROD_SIZE,PROD_NO)
 VALUES(400088, 10, 285, 4000000006);
 INSERT INTO PROD_SIZE(SPROD_NO,SPROD_QTY,SPROD_SIZE,PROD_NO)
 VALUES(400089, 10, 290, 4000000006); 
 INSERT INTO PROD_SIZE(SPROD_NO,SPROD_QTY,SPROD_SIZE,PROD_NO)
 VALUES(400090, 10, 235, 4000000006);
 
--4000000007
 INSERT INTO PROD_SIZE(SPROD_NO,SPROD_QTY,SPROD_SIZE,PROD_NO)
 VALUES(400091, 10, 220, 4000000007);
 INSERT INTO PROD_SIZE(SPROD_NO,SPROD_QTY,SPROD_SIZE,PROD_NO)
 VALUES(400092, 10, 225, 4000000007);
 INSERT INTO PROD_SIZE(SPROD_NO,SPROD_QTY,SPROD_SIZE,PROD_NO)
 VALUES(400093, 10, 230, 4000000007);
 INSERT INTO PROD_SIZE(SPROD_NO,SPROD_QTY,SPROD_SIZE,PROD_NO)
 VALUES(400094, 10, 240, 4000000007);
 INSERT INTO PROD_SIZE(SPROD_NO,SPROD_QTY,SPROD_SIZE,PROD_NO)
 VALUES(400095, 10, 245, 4000000007);
 INSERT INTO PROD_SIZE(SPROD_NO,SPROD_QTY,SPROD_SIZE,PROD_NO)
 VALUES(400096, 10, 250, 4000000007);
 INSERT INTO PROD_SIZE(SPROD_NO,SPROD_QTY,SPROD_SIZE,PROD_NO)
 VALUES(400097, 10, 255, 4000000007);
 INSERT INTO PROD_SIZE(SPROD_NO,SPROD_QTY,SPROD_SIZE,PROD_NO)
 VALUES(400098, 10, 260, 4000000007);
 INSERT INTO PROD_SIZE(SPROD_NO,SPROD_QTY,SPROD_SIZE,PROD_NO)
 VALUES(400099, 10, 265, 4000000007);
 INSERT INTO PROD_SIZE(SPROD_NO,SPROD_QTY,SPROD_SIZE,PROD_NO)
 VALUES(400100, 10, 270, 4000000007);
 INSERT INTO PROD_SIZE(SPROD_NO,SPROD_QTY,SPROD_SIZE,PROD_NO)
 VALUES(400101, 10, 275, 4000000007);
 INSERT INTO PROD_SIZE(SPROD_NO,SPROD_QTY,SPROD_SIZE,PROD_NO)
 VALUES(400102, 10, 280, 4000000007);
 INSERT INTO PROD_SIZE(SPROD_NO,SPROD_QTY,SPROD_SIZE,PROD_NO)
 VALUES(400103, 10, 285, 4000000007);
 INSERT INTO PROD_SIZE(SPROD_NO,SPROD_QTY,SPROD_SIZE,PROD_NO)
 VALUES(400104, 10, 290, 4000000007); 
 INSERT INTO PROD_SIZE(SPROD_NO,SPROD_QTY,SPROD_SIZE,PROD_NO)
 VALUES(400105, 10, 235, 4000000007);
 
--4000000008
 INSERT INTO PROD_SIZE(SPROD_NO,SPROD_QTY,SPROD_SIZE,PROD_NO)
 VALUES(400106, 10, 220, 4000000008);
 INSERT INTO PROD_SIZE(SPROD_NO,SPROD_QTY,SPROD_SIZE,PROD_NO)
 VALUES(400107, 10, 225, 4000000008);
 INSERT INTO PROD_SIZE(SPROD_NO,SPROD_QTY,SPROD_SIZE,PROD_NO)
 VALUES(400108, 10, 230, 4000000008);
 INSERT INTO PROD_SIZE(SPROD_NO,SPROD_QTY,SPROD_SIZE,PROD_NO)
 VALUES(400109, 10, 235, 4000000008); 
 INSERT INTO PROD_SIZE(SPROD_NO,SPROD_QTY,SPROD_SIZE,PROD_NO)
 VALUES(400110, 10, 240, 4000000008);
 INSERT INTO PROD_SIZE(SPROD_NO,SPROD_QTY,SPROD_SIZE,PROD_NO)
 VALUES(400111, 10, 245, 4000000008);
 INSERT INTO PROD_SIZE(SPROD_NO,SPROD_QTY,SPROD_SIZE,PROD_NO)
 VALUES(400112, 10, 250, 4000000008);
 INSERT INTO PROD_SIZE(SPROD_NO,SPROD_QTY,SPROD_SIZE,PROD_NO)
 VALUES(400113, 10, 255, 4000000008);
 INSERT INTO PROD_SIZE(SPROD_NO,SPROD_QTY,SPROD_SIZE,PROD_NO)
 VALUES(400114, 10, 260, 4000000008); 
 INSERT INTO PROD_SIZE(SPROD_NO,SPROD_QTY,SPROD_SIZE,PROD_NO)
 VALUES(400115, 10, 265, 4000000008);
 INSERT INTO PROD_SIZE(SPROD_NO,SPROD_QTY,SPROD_SIZE,PROD_NO)
 VALUES(400116, 10, 270, 4000000008);
 INSERT INTO PROD_SIZE(SPROD_NO,SPROD_QTY,SPROD_SIZE,PROD_NO)
 VALUES(400117, 10, 275, 4000000008);
 INSERT INTO PROD_SIZE(SPROD_NO,SPROD_QTY,SPROD_SIZE,PROD_NO)
 VALUES(400118, 10, 280, 4000000008);
 INSERT INTO PROD_SIZE(SPROD_NO,SPROD_QTY,SPROD_SIZE,PROD_NO)
 VALUES(400119, 10, 285, 4000000008); 
 INSERT INTO PROD_SIZE(SPROD_NO,SPROD_QTY,SPROD_SIZE,PROD_NO)
 VALUES(400120, 10, 290, 4000000008); 
 
--4000000009
 INSERT INTO PROD_SIZE(SPROD_NO,SPROD_QTY,SPROD_SIZE,PROD_NO)
 VALUES(400121, 10, 220, 4000000009);
 INSERT INTO PROD_SIZE(SPROD_NO,SPROD_QTY,SPROD_SIZE,PROD_NO)
 VALUES(400122, 10, 225, 4000000009);
 INSERT INTO PROD_SIZE(SPROD_NO,SPROD_QTY,SPROD_SIZE,PROD_NO)
 VALUES(400123, 10, 230, 4000000009);
 INSERT INTO PROD_SIZE(SPROD_NO,SPROD_QTY,SPROD_SIZE,PROD_NO)
 VALUES(400124, 10, 235, 4000000009); 
 INSERT INTO PROD_SIZE(SPROD_NO,SPROD_QTY,SPROD_SIZE,PROD_NO)
 VALUES(400125, 10, 240, 4000000009);
 INSERT INTO PROD_SIZE(SPROD_NO,SPROD_QTY,SPROD_SIZE,PROD_NO)
 VALUES(400126, 10, 245, 4000000009);
 INSERT INTO PROD_SIZE(SPROD_NO,SPROD_QTY,SPROD_SIZE,PROD_NO)
 VALUES(400127, 10, 250, 4000000009);
 INSERT INTO PROD_SIZE(SPROD_NO,SPROD_QTY,SPROD_SIZE,PROD_NO)
 VALUES(400128, 10, 255, 4000000009);
 INSERT INTO PROD_SIZE(SPROD_NO,SPROD_QTY,SPROD_SIZE,PROD_NO)
 VALUES(400129, 10, 260, 4000000009); 
 INSERT INTO PROD_SIZE(SPROD_NO,SPROD_QTY,SPROD_SIZE,PROD_NO)
 VALUES(400130, 10, 265, 4000000009);
 INSERT INTO PROD_SIZE(SPROD_NO,SPROD_QTY,SPROD_SIZE,PROD_NO)
 VALUES(400131, 10, 270, 4000000009);
 INSERT INTO PROD_SIZE(SPROD_NO,SPROD_QTY,SPROD_SIZE,PROD_NO)
 VALUES(400132, 10, 275, 4000000009);
 INSERT INTO PROD_SIZE(SPROD_NO,SPROD_QTY,SPROD_SIZE,PROD_NO)
 VALUES(400133, 10, 280, 4000000009);
 INSERT INTO PROD_SIZE(SPROD_NO,SPROD_QTY,SPROD_SIZE,PROD_NO)
 VALUES(400134, 10, 285, 4000000009); 
 INSERT INTO PROD_SIZE(SPROD_NO,SPROD_QTY,SPROD_SIZE,PROD_NO)
 VALUES(400135, 10, 290, 4000000009); 
 
--4000000010
 INSERT INTO PROD_SIZE(SPROD_NO,SPROD_QTY,SPROD_SIZE,PROD_NO)
 VALUES(400136, 10, 220, 4000000010);
 INSERT INTO PROD_SIZE(SPROD_NO,SPROD_QTY,SPROD_SIZE,PROD_NO)
 VALUES(400137, 10, 225, 4000000010);
 INSERT INTO PROD_SIZE(SPROD_NO,SPROD_QTY,SPROD_SIZE,PROD_NO)
 VALUES(400138, 10, 230, 4000000010);
 INSERT INTO PROD_SIZE(SPROD_NO,SPROD_QTY,SPROD_SIZE,PROD_NO)
 VALUES(400139, 10, 235, 4000000010); 
 INSERT INTO PROD_SIZE(SPROD_NO,SPROD_QTY,SPROD_SIZE,PROD_NO)
 VALUES(400140, 10, 240, 4000000010);
 INSERT INTO PROD_SIZE(SPROD_NO,SPROD_QTY,SPROD_SIZE,PROD_NO)
 VALUES(400141, 10, 245, 4000000010);
 INSERT INTO PROD_SIZE(SPROD_NO,SPROD_QTY,SPROD_SIZE,PROD_NO)
 VALUES(400142, 10, 250, 4000000010);
 INSERT INTO PROD_SIZE(SPROD_NO,SPROD_QTY,SPROD_SIZE,PROD_NO)
 VALUES(400143, 10, 255, 4000000010);
 INSERT INTO PROD_SIZE(SPROD_NO,SPROD_QTY,SPROD_SIZE,PROD_NO)
 VALUES(400144, 10, 260, 4000000010); 
 INSERT INTO PROD_SIZE(SPROD_NO,SPROD_QTY,SPROD_SIZE,PROD_NO)
 VALUES(400145, 10, 265, 4000000010);
 INSERT INTO PROD_SIZE(SPROD_NO,SPROD_QTY,SPROD_SIZE,PROD_NO)
 VALUES(400146, 10, 270, 4000000010);
 INSERT INTO PROD_SIZE(SPROD_NO,SPROD_QTY,SPROD_SIZE,PROD_NO)
 VALUES(400147, 10, 275, 4000000010);
 INSERT INTO PROD_SIZE(SPROD_NO,SPROD_QTY,SPROD_SIZE,PROD_NO)
 VALUES(400148, 10, 280, 4000000010);
 INSERT INTO PROD_SIZE(SPROD_NO,SPROD_QTY,SPROD_SIZE,PROD_NO)
 VALUES(400149, 10, 285, 4000000010); 
 INSERT INTO PROD_SIZE(SPROD_NO,SPROD_QTY,SPROD_SIZE,PROD_NO)
 VALUES(400150, 10, 290, 4000000010);
 
--4000000011
 INSERT INTO PROD_SIZE(SPROD_NO,SPROD_QTY,SPROD_SIZE,PROD_NO)
 VALUES(400151, 10, 220, 4000000011);
 INSERT INTO PROD_SIZE(SPROD_NO,SPROD_QTY,SPROD_SIZE,PROD_NO)
 VALUES(400152, 10, 225, 4000000011);
 INSERT INTO PROD_SIZE(SPROD_NO,SPROD_QTY,SPROD_SIZE,PROD_NO)
 VALUES(400153, 10, 230, 4000000011);
 INSERT INTO PROD_SIZE(SPROD_NO,SPROD_QTY,SPROD_SIZE,PROD_NO)
 VALUES(400154, 10, 235, 4000000011); 
 INSERT INTO PROD_SIZE(SPROD_NO,SPROD_QTY,SPROD_SIZE,PROD_NO)
 VALUES(400155, 10, 240, 4000000011);
 INSERT INTO PROD_SIZE(SPROD_NO,SPROD_QTY,SPROD_SIZE,PROD_NO)
 VALUES(400156, 10, 245, 4000000011);
 INSERT INTO PROD_SIZE(SPROD_NO,SPROD_QTY,SPROD_SIZE,PROD_NO)
 VALUES(400157, 10, 250, 4000000011);
 INSERT INTO PROD_SIZE(SPROD_NO,SPROD_QTY,SPROD_SIZE,PROD_NO)
 VALUES(400158, 10, 255, 4000000011);
 INSERT INTO PROD_SIZE(SPROD_NO,SPROD_QTY,SPROD_SIZE,PROD_NO)
 VALUES(400159, 10, 260, 4000000011); 
 INSERT INTO PROD_SIZE(SPROD_NO,SPROD_QTY,SPROD_SIZE,PROD_NO)
 VALUES(400160, 10, 265, 4000000011);
 INSERT INTO PROD_SIZE(SPROD_NO,SPROD_QTY,SPROD_SIZE,PROD_NO)
 VALUES(400161, 10, 270, 4000000011);
 INSERT INTO PROD_SIZE(SPROD_NO,SPROD_QTY,SPROD_SIZE,PROD_NO)
 VALUES(400162, 10, 275, 4000000011);
 INSERT INTO PROD_SIZE(SPROD_NO,SPROD_QTY,SPROD_SIZE,PROD_NO)
 VALUES(400163, 10, 280, 4000000011);
 INSERT INTO PROD_SIZE(SPROD_NO,SPROD_QTY,SPROD_SIZE,PROD_NO)
 VALUES(400164, 10, 285, 4000000011); 
 INSERT INTO PROD_SIZE(SPROD_NO,SPROD_QTY,SPROD_SIZE,PROD_NO)
 VALUES(400165, 10, 290, 4000000011); 
 
--4000000012
 INSERT INTO PROD_SIZE(SPROD_NO,SPROD_QTY,SPROD_SIZE,PROD_NO)
 VALUES(400166, 10, 220, 4000000012);
 INSERT INTO PROD_SIZE(SPROD_NO,SPROD_QTY,SPROD_SIZE,PROD_NO)
 VALUES(400167, 10, 225, 4000000012);
 INSERT INTO PROD_SIZE(SPROD_NO,SPROD_QTY,SPROD_SIZE,PROD_NO)
 VALUES(400168, 10, 230, 4000000012);
 INSERT INTO PROD_SIZE(SPROD_NO,SPROD_QTY,SPROD_SIZE,PROD_NO)
 VALUES(400169, 10, 235, 4000000012); 
 INSERT INTO PROD_SIZE(SPROD_NO,SPROD_QTY,SPROD_SIZE,PROD_NO)
 VALUES(400170, 10, 240, 4000000012);
 INSERT INTO PROD_SIZE(SPROD_NO,SPROD_QTY,SPROD_SIZE,PROD_NO)
 VALUES(400171, 10, 245, 4000000012);
 INSERT INTO PROD_SIZE(SPROD_NO,SPROD_QTY,SPROD_SIZE,PROD_NO)
 VALUES(400172, 10, 250, 4000000012);
 INSERT INTO PROD_SIZE(SPROD_NO,SPROD_QTY,SPROD_SIZE,PROD_NO)
 VALUES(400173, 10, 255, 4000000012);
 INSERT INTO PROD_SIZE(SPROD_NO,SPROD_QTY,SPROD_SIZE,PROD_NO)
 VALUES(400174, 10, 260, 4000000012); 
 INSERT INTO PROD_SIZE(SPROD_NO,SPROD_QTY,SPROD_SIZE,PROD_NO)
 VALUES(400175, 10, 265, 4000000012);
 INSERT INTO PROD_SIZE(SPROD_NO,SPROD_QTY,SPROD_SIZE,PROD_NO)
 VALUES(400176, 10, 270, 4000000012);
 INSERT INTO PROD_SIZE(SPROD_NO,SPROD_QTY,SPROD_SIZE,PROD_NO)
 VALUES(400177, 10, 275, 4000000012);
 INSERT INTO PROD_SIZE(SPROD_NO,SPROD_QTY,SPROD_SIZE,PROD_NO)
 VALUES(400178, 10, 280, 4000000012);
 INSERT INTO PROD_SIZE(SPROD_NO,SPROD_QTY,SPROD_SIZE,PROD_NO)
 VALUES(400179, 10, 285, 4000000012); 
 INSERT INTO PROD_SIZE(SPROD_NO,SPROD_QTY,SPROD_SIZE,PROD_NO)
 VALUES(400180, 10, 290, 4000000012); 
 
--4000000013
 INSERT INTO PROD_SIZE(SPROD_NO,SPROD_QTY,SPROD_SIZE,PROD_NO)
 VALUES(400181, 10, 220, 4000000013);
 INSERT INTO PROD_SIZE(SPROD_NO,SPROD_QTY,SPROD_SIZE,PROD_NO)
 VALUES(400182, 10, 225, 4000000013);
 INSERT INTO PROD_SIZE(SPROD_NO,SPROD_QTY,SPROD_SIZE,PROD_NO)
 VALUES(400183, 10, 230, 4000000013);
 INSERT INTO PROD_SIZE(SPROD_NO,SPROD_QTY,SPROD_SIZE,PROD_NO)
 VALUES(400184, 10, 235, 4000000013); 
 INSERT INTO PROD_SIZE(SPROD_NO,SPROD_QTY,SPROD_SIZE,PROD_NO)
 VALUES(400185, 10, 240, 4000000013);
 INSERT INTO PROD_SIZE(SPROD_NO,SPROD_QTY,SPROD_SIZE,PROD_NO)
 VALUES(400186, 10, 245, 4000000013);
 INSERT INTO PROD_SIZE(SPROD_NO,SPROD_QTY,SPROD_SIZE,PROD_NO)
 VALUES(400187, 10, 250, 4000000013);
 INSERT INTO PROD_SIZE(SPROD_NO,SPROD_QTY,SPROD_SIZE,PROD_NO)
 VALUES(400188, 10, 255, 4000000013);
 INSERT INTO PROD_SIZE(SPROD_NO,SPROD_QTY,SPROD_SIZE,PROD_NO)
 VALUES(400189, 10, 260, 4000000013); 
 INSERT INTO PROD_SIZE(SPROD_NO,SPROD_QTY,SPROD_SIZE,PROD_NO)
 VALUES(400190, 10, 265, 4000000013);
 INSERT INTO PROD_SIZE(SPROD_NO,SPROD_QTY,SPROD_SIZE,PROD_NO)
 VALUES(400191, 10, 270, 4000000013);
 INSERT INTO PROD_SIZE(SPROD_NO,SPROD_QTY,SPROD_SIZE,PROD_NO)
 VALUES(400192, 10, 275, 4000000013);
 INSERT INTO PROD_SIZE(SPROD_NO,SPROD_QTY,SPROD_SIZE,PROD_NO)
 VALUES(400193, 10, 280, 4000000013);
 INSERT INTO PROD_SIZE(SPROD_NO,SPROD_QTY,SPROD_SIZE,PROD_NO)
 VALUES(400194, 10, 285, 4000000013); 
 INSERT INTO PROD_SIZE(SPROD_NO,SPROD_QTY,SPROD_SIZE,PROD_NO)
 VALUES(400195, 10, 290, 4000000013);
 
--4000000014
 INSERT INTO PROD_SIZE(SPROD_NO,SPROD_QTY,SPROD_SIZE,PROD_NO)
 VALUES(400196, 10, 220, 4000000014);
 INSERT INTO PROD_SIZE(SPROD_NO,SPROD_QTY,SPROD_SIZE,PROD_NO)
 VALUES(400197, 10, 225, 4000000014);
 INSERT INTO PROD_SIZE(SPROD_NO,SPROD_QTY,SPROD_SIZE,PROD_NO)
 VALUES(400198, 10, 230, 4000000014);
 INSERT INTO PROD_SIZE(SPROD_NO,SPROD_QTY,SPROD_SIZE,PROD_NO)
 VALUES(400199, 10, 235, 4000000014); 
 INSERT INTO PROD_SIZE(SPROD_NO,SPROD_QTY,SPROD_SIZE,PROD_NO)
 VALUES(400200, 10, 240, 4000000014);
 INSERT INTO PROD_SIZE(SPROD_NO,SPROD_QTY,SPROD_SIZE,PROD_NO)
 VALUES(400201, 10, 245, 4000000014);
 INSERT INTO PROD_SIZE(SPROD_NO,SPROD_QTY,SPROD_SIZE,PROD_NO)
 VALUES(400202, 10, 250, 4000000014);
 INSERT INTO PROD_SIZE(SPROD_NO,SPROD_QTY,SPROD_SIZE,PROD_NO)
 VALUES(400203, 10, 255, 4000000014);
 INSERT INTO PROD_SIZE(SPROD_NO,SPROD_QTY,SPROD_SIZE,PROD_NO)
 VALUES(400204, 10, 260, 4000000014); 
 INSERT INTO PROD_SIZE(SPROD_NO,SPROD_QTY,SPROD_SIZE,PROD_NO)
 VALUES(400205, 10, 265, 4000000014);
 INSERT INTO PROD_SIZE(SPROD_NO,SPROD_QTY,SPROD_SIZE,PROD_NO)
 VALUES(400206, 10, 270, 4000000014);
 INSERT INTO PROD_SIZE(SPROD_NO,SPROD_QTY,SPROD_SIZE,PROD_NO)
 VALUES(400207, 10, 275, 4000000014);
 INSERT INTO PROD_SIZE(SPROD_NO,SPROD_QTY,SPROD_SIZE,PROD_NO)
 VALUES(400208, 10, 280, 4000000014);
 INSERT INTO PROD_SIZE(SPROD_NO,SPROD_QTY,SPROD_SIZE,PROD_NO)
 VALUES(400209, 10, 285, 4000000014); 
 INSERT INTO PROD_SIZE(SPROD_NO,SPROD_QTY,SPROD_SIZE,PROD_NO)
 VALUES(400210, 10, 290, 4000000014);
 
--4000000015
 INSERT INTO PROD_SIZE(SPROD_NO,SPROD_QTY,SPROD_SIZE,PROD_NO)
 VALUES(400211, 10, 220, 4000000015);
 INSERT INTO PROD_SIZE(SPROD_NO,SPROD_QTY,SPROD_SIZE,PROD_NO)
 VALUES(400212, 10, 225, 4000000015);
 INSERT INTO PROD_SIZE(SPROD_NO,SPROD_QTY,SPROD_SIZE,PROD_NO)
 VALUES(400213, 10, 230, 4000000015);
 INSERT INTO PROD_SIZE(SPROD_NO,SPROD_QTY,SPROD_SIZE,PROD_NO)
 VALUES(400214, 10, 235, 4000000015); 
 INSERT INTO PROD_SIZE(SPROD_NO,SPROD_QTY,SPROD_SIZE,PROD_NO)
 VALUES(400215, 10, 240, 4000000015);
 INSERT INTO PROD_SIZE(SPROD_NO,SPROD_QTY,SPROD_SIZE,PROD_NO)
 VALUES(400216, 10, 245, 4000000015);
 INSERT INTO PROD_SIZE(SPROD_NO,SPROD_QTY,SPROD_SIZE,PROD_NO)
 VALUES(400217, 10, 250, 4000000015);
 INSERT INTO PROD_SIZE(SPROD_NO,SPROD_QTY,SPROD_SIZE,PROD_NO)
 VALUES(400218, 10, 255, 4000000015);
 INSERT INTO PROD_SIZE(SPROD_NO,SPROD_QTY,SPROD_SIZE,PROD_NO)
 VALUES(400219, 10, 260, 4000000015); 
 INSERT INTO PROD_SIZE(SPROD_NO,SPROD_QTY,SPROD_SIZE,PROD_NO)
 VALUES(400220, 10, 265, 4000000015);
 INSERT INTO PROD_SIZE(SPROD_NO,SPROD_QTY,SPROD_SIZE,PROD_NO)
 VALUES(400221, 10, 270, 4000000015);
 INSERT INTO PROD_SIZE(SPROD_NO,SPROD_QTY,SPROD_SIZE,PROD_NO)
 VALUES(400222, 10, 275, 4000000015);
 INSERT INTO PROD_SIZE(SPROD_NO,SPROD_QTY,SPROD_SIZE,PROD_NO)
 VALUES(400223, 10, 280, 4000000015);
 INSERT INTO PROD_SIZE(SPROD_NO,SPROD_QTY,SPROD_SIZE,PROD_NO)
 VALUES(400224, 10, 285, 4000000015); 
 INSERT INTO PROD_SIZE(SPROD_NO,SPROD_QTY,SPROD_SIZE,PROD_NO)
 VALUES(400225, 10, 290, 4000000015); 

--4000000016
 INSERT INTO PROD_SIZE(SPROD_NO,SPROD_QTY,SPROD_SIZE,PROD_NO)
 VALUES(400226, 10, 220, 4000000016);
 INSERT INTO PROD_SIZE(SPROD_NO,SPROD_QTY,SPROD_SIZE,PROD_NO)
 VALUES(400227, 10, 230, 4000000016);
 INSERT INTO PROD_SIZE(SPROD_NO,SPROD_QTY,SPROD_SIZE,PROD_NO)
 VALUES(400228, 10, 240, 4000000016);
 INSERT INTO PROD_SIZE(SPROD_NO,SPROD_QTY,SPROD_SIZE,PROD_NO)
 VALUES(400229, 10, 250, 4000000016);
 INSERT INTO PROD_SIZE(SPROD_NO,SPROD_QTY,SPROD_SIZE,PROD_NO)
 VALUES(400230, 10, 260, 4000000016); 
 INSERT INTO PROD_SIZE(SPROD_NO,SPROD_QTY,SPROD_SIZE,PROD_NO)
 VALUES(400231, 10, 270, 4000000016);
 INSERT INTO PROD_SIZE(SPROD_NO,SPROD_QTY,SPROD_SIZE,PROD_NO)
 VALUES(400232, 10, 280, 4000000016);
 INSERT INTO PROD_SIZE(SPROD_NO,SPROD_QTY,SPROD_SIZE,PROD_NO)
 VALUES(400233, 10, 290, 4000000016);  
 
--4000000017
 INSERT INTO PROD_SIZE(SPROD_NO,SPROD_QTY,SPROD_SIZE,PROD_NO)
 VALUES(400234, 10, 220, 4000000017);
 INSERT INTO PROD_SIZE(SPROD_NO,SPROD_QTY,SPROD_SIZE,PROD_NO)
 VALUES(400235, 10, 230, 4000000017);
 INSERT INTO PROD_SIZE(SPROD_NO,SPROD_QTY,SPROD_SIZE,PROD_NO)
 VALUES(400236, 10, 240, 4000000017);
 INSERT INTO PROD_SIZE(SPROD_NO,SPROD_QTY,SPROD_SIZE,PROD_NO)
 VALUES(400237, 10, 250, 4000000017);
 INSERT INTO PROD_SIZE(SPROD_NO,SPROD_QTY,SPROD_SIZE,PROD_NO)
 VALUES(400238, 10, 260, 4000000017); 
 INSERT INTO PROD_SIZE(SPROD_NO,SPROD_QTY,SPROD_SIZE,PROD_NO)
 VALUES(400239, 10, 270, 4000000017);
 INSERT INTO PROD_SIZE(SPROD_NO,SPROD_QTY,SPROD_SIZE,PROD_NO)
 VALUES(400240, 10, 280, 4000000017);
 INSERT INTO PROD_SIZE(SPROD_NO,SPROD_QTY,SPROD_SIZE,PROD_NO)
 VALUES(400241, 10, 290, 4000000017);  
 
--4000000018
 INSERT INTO PROD_SIZE(SPROD_NO,SPROD_QTY,SPROD_SIZE,PROD_NO)
 VALUES(400242, 10, 225, 4000000018);
 INSERT INTO PROD_SIZE(SPROD_NO,SPROD_QTY,SPROD_SIZE,PROD_NO)
 VALUES(400243, 10, 230, 4000000018);
 INSERT INTO PROD_SIZE(SPROD_NO,SPROD_QTY,SPROD_SIZE,PROD_NO)
 VALUES(400244, 10, 235, 4000000018);
 INSERT INTO PROD_SIZE(SPROD_NO,SPROD_QTY,SPROD_SIZE,PROD_NO)
 VALUES(400245, 10, 240, 4000000018);
 INSERT INTO PROD_SIZE(SPROD_NO,SPROD_QTY,SPROD_SIZE,PROD_NO)
 VALUES(400246, 10, 245, 4000000018); 
 INSERT INTO PROD_SIZE(SPROD_NO,SPROD_QTY,SPROD_SIZE,PROD_NO)
 VALUES(400247, 10, 250, 4000000018);
 
 --4000000019
 INSERT INTO PROD_SIZE(SPROD_NO,SPROD_QTY,SPROD_SIZE,PROD_NO)
 VALUES(400248, 10, 225, 4000000019);
 INSERT INTO PROD_SIZE(SPROD_NO,SPROD_QTY,SPROD_SIZE,PROD_NO)
 VALUES(400249, 10, 230, 4000000019);
 INSERT INTO PROD_SIZE(SPROD_NO,SPROD_QTY,SPROD_SIZE,PROD_NO)
 VALUES(400250, 10, 235, 4000000019);
 INSERT INTO PROD_SIZE(SPROD_NO,SPROD_QTY,SPROD_SIZE,PROD_NO)
 VALUES(400251, 10, 240, 4000000019);
 INSERT INTO PROD_SIZE(SPROD_NO,SPROD_QTY,SPROD_SIZE,PROD_NO)
 VALUES(400252, 10, 245, 4000000019); 
 INSERT INTO PROD_SIZE(SPROD_NO,SPROD_QTY,SPROD_SIZE,PROD_NO)
 VALUES(400253, 10, 250, 4000000019);
 
--4000000020
 INSERT INTO PROD_SIZE(SPROD_NO,SPROD_QTY,SPROD_SIZE,PROD_NO)
 VALUES(400254, 10, 220, 4000000020);
 INSERT INTO PROD_SIZE(SPROD_NO,SPROD_QTY,SPROD_SIZE,PROD_NO)
 VALUES(400255, 10, 225, 4000000020);
 INSERT INTO PROD_SIZE(SPROD_NO,SPROD_QTY,SPROD_SIZE,PROD_NO)
 VALUES(400256, 10, 230, 4000000020);
 INSERT INTO PROD_SIZE(SPROD_NO,SPROD_QTY,SPROD_SIZE,PROD_NO)
 VALUES(400257, 10, 235, 4000000020); 
 INSERT INTO PROD_SIZE(SPROD_NO,SPROD_QTY,SPROD_SIZE,PROD_NO)
 VALUES(400258, 10, 240, 4000000020);
 INSERT INTO PROD_SIZE(SPROD_NO,SPROD_QTY,SPROD_SIZE,PROD_NO)
 VALUES(400259, 10, 245, 4000000020);
 INSERT INTO PROD_SIZE(SPROD_NO,SPROD_QTY,SPROD_SIZE,PROD_NO)
 VALUES(400260, 10, 250, 4000000020);
 INSERT INTO PROD_SIZE(SPROD_NO,SPROD_QTY,SPROD_SIZE,PROD_NO)
 VALUES(400261, 10, 255, 4000000020);
 INSERT INTO PROD_SIZE(SPROD_NO,SPROD_QTY,SPROD_SIZE,PROD_NO)
 VALUES(400262, 10, 260, 4000000020); 
 INSERT INTO PROD_SIZE(SPROD_NO,SPROD_QTY,SPROD_SIZE,PROD_NO)
 VALUES(400263, 10, 265, 4000000020);
 INSERT INTO PROD_SIZE(SPROD_NO,SPROD_QTY,SPROD_SIZE,PROD_NO)
 VALUES(400264, 10, 270, 4000000020);
 INSERT INTO PROD_SIZE(SPROD_NO,SPROD_QTY,SPROD_SIZE,PROD_NO)
 VALUES(400265, 10, 275, 4000000020);
 INSERT INTO PROD_SIZE(SPROD_NO,SPROD_QTY,SPROD_SIZE,PROD_NO)
 VALUES(400266, 10, 280, 4000000020);
 INSERT INTO PROD_SIZE(SPROD_NO,SPROD_QTY,SPROD_SIZE,PROD_NO)
 VALUES(400267, 10, 285, 4000000020); 
 INSERT INTO PROD_SIZE(SPROD_NO,SPROD_QTY,SPROD_SIZE,PROD_NO)
 VALUES(400268, 10, 290, 4000000020); 
 
 --4000000021
 INSERT INTO PROD_SIZE(SPROD_NO,SPROD_QTY,SPROD_SIZE,PROD_NO)
 VALUES(400269, 10, 235, 4000000019);
 INSERT INTO PROD_SIZE(SPROD_NO,SPROD_QTY,SPROD_SIZE,PROD_NO)
 VALUES(400270, 10, 240, 4000000019);
 INSERT INTO PROD_SIZE(SPROD_NO,SPROD_QTY,SPROD_SIZE,PROD_NO)
 VALUES(400271, 10, 245, 4000000019);
 INSERT INTO PROD_SIZE(SPROD_NO,SPROD_QTY,SPROD_SIZE,PROD_NO)
 VALUES(400272, 10, 250, 4000000019);
 INSERT INTO PROD_SIZE(SPROD_NO,SPROD_QTY,SPROD_SIZE,PROD_NO)
 VALUES(400273, 10, 255, 4000000019); 
 
--4000000022
 INSERT INTO PROD_SIZE(SPROD_NO,SPROD_QTY,SPROD_SIZE,PROD_NO)
 VALUES(400274, 10, 220, 4000000022);
 INSERT INTO PROD_SIZE(SPROD_NO,SPROD_QTY,SPROD_SIZE,PROD_NO)
 VALUES(400275, 10, 225, 4000000022);
 INSERT INTO PROD_SIZE(SPROD_NO,SPROD_QTY,SPROD_SIZE,PROD_NO)
 VALUES(400276, 10, 230, 4000000022);
 INSERT INTO PROD_SIZE(SPROD_NO,SPROD_QTY,SPROD_SIZE,PROD_NO)
 VALUES(400277, 10, 235, 4000000022); 
 INSERT INTO PROD_SIZE(SPROD_NO,SPROD_QTY,SPROD_SIZE,PROD_NO)
 VALUES(400278, 10, 240, 4000000022);
 INSERT INTO PROD_SIZE(SPROD_NO,SPROD_QTY,SPROD_SIZE,PROD_NO)
 VALUES(400279, 10, 245, 4000000022);
 INSERT INTO PROD_SIZE(SPROD_NO,SPROD_QTY,SPROD_SIZE,PROD_NO)
 VALUES(400280, 10, 250, 4000000022);
 INSERT INTO PROD_SIZE(SPROD_NO,SPROD_QTY,SPROD_SIZE,PROD_NO)
 VALUES(400281, 10, 255, 4000000022);
 INSERT INTO PROD_SIZE(SPROD_NO,SPROD_QTY,SPROD_SIZE,PROD_NO)
 VALUES(400282, 10, 260, 4000000022); 
 INSERT INTO PROD_SIZE(SPROD_NO,SPROD_QTY,SPROD_SIZE,PROD_NO)
 VALUES(400283, 10, 265, 4000000022);
 INSERT INTO PROD_SIZE(SPROD_NO,SPROD_QTY,SPROD_SIZE,PROD_NO)
 VALUES(400284, 10, 270, 4000000022);
 INSERT INTO PROD_SIZE(SPROD_NO,SPROD_QTY,SPROD_SIZE,PROD_NO)
 VALUES(400285, 10, 275, 4000000022);
 INSERT INTO PROD_SIZE(SPROD_NO,SPROD_QTY,SPROD_SIZE,PROD_NO)
 VALUES(400286, 10, 280, 4000000022); 
 
--4000000023
 INSERT INTO PROD_SIZE(SPROD_NO,SPROD_QTY,SPROD_SIZE,PROD_NO)
 VALUES(400287, 10, 225, 4000000023);
 INSERT INTO PROD_SIZE(SPROD_NO,SPROD_QTY,SPROD_SIZE,PROD_NO)
 VALUES(400288, 10, 230, 4000000023);
 INSERT INTO PROD_SIZE(SPROD_NO,SPROD_QTY,SPROD_SIZE,PROD_NO)
 VALUES(400289, 10, 235, 4000000023); 
 INSERT INTO PROD_SIZE(SPROD_NO,SPROD_QTY,SPROD_SIZE,PROD_NO)
 VALUES(400290, 10, 240, 4000000023);
 INSERT INTO PROD_SIZE(SPROD_NO,SPROD_QTY,SPROD_SIZE,PROD_NO)
 VALUES(400291, 10, 245, 4000000023);
 INSERT INTO PROD_SIZE(SPROD_NO,SPROD_QTY,SPROD_SIZE,PROD_NO)
 VALUES(400292, 10, 250, 4000000023);
 INSERT INTO PROD_SIZE(SPROD_NO,SPROD_QTY,SPROD_SIZE,PROD_NO)
 VALUES(400293, 10, 255, 4000000023);
 INSERT INTO PROD_SIZE(SPROD_NO,SPROD_QTY,SPROD_SIZE,PROD_NO)
 VALUES(400294, 10, 260, 4000000023); 
 INSERT INTO PROD_SIZE(SPROD_NO,SPROD_QTY,SPROD_SIZE,PROD_NO)
 VALUES(400295, 10, 265, 4000000023);
 INSERT INTO PROD_SIZE(SPROD_NO,SPROD_QTY,SPROD_SIZE,PROD_NO)
 VALUES(400296, 10, 270, 4000000023);
 INSERT INTO PROD_SIZE(SPROD_NO,SPROD_QTY,SPROD_SIZE,PROD_NO)
 VALUES(400297, 10, 275, 4000000023);
 
--4000000024
 INSERT INTO PROD_SIZE(SPROD_NO,SPROD_QTY,SPROD_SIZE,PROD_NO)
 VALUES(400298, 10, 225, 4000000024);
 INSERT INTO PROD_SIZE(SPROD_NO,SPROD_QTY,SPROD_SIZE,PROD_NO)
 VALUES(400299, 10, 230, 4000000024);
 INSERT INTO PROD_SIZE(SPROD_NO,SPROD_QTY,SPROD_SIZE,PROD_NO)
 VALUES(400300, 10, 235, 4000000024); 
 INSERT INTO PROD_SIZE(SPROD_NO,SPROD_QTY,SPROD_SIZE,PROD_NO)
 VALUES(400301, 10, 240, 4000000024);
 INSERT INTO PROD_SIZE(SPROD_NO,SPROD_QTY,SPROD_SIZE,PROD_NO)
 VALUES(400302, 10, 245, 4000000024);
 INSERT INTO PROD_SIZE(SPROD_NO,SPROD_QTY,SPROD_SIZE,PROD_NO)
 VALUES(400303, 10, 250, 4000000024);
 INSERT INTO PROD_SIZE(SPROD_NO,SPROD_QTY,SPROD_SIZE,PROD_NO)
 VALUES(400304, 10, 255, 4000000024);
 INSERT INTO PROD_SIZE(SPROD_NO,SPROD_QTY,SPROD_SIZE,PROD_NO)
 VALUES(400305, 10, 260, 4000000024); 
 INSERT INTO PROD_SIZE(SPROD_NO,SPROD_QTY,SPROD_SIZE,PROD_NO)
 VALUES(400306, 10, 265, 4000000024);
 INSERT INTO PROD_SIZE(SPROD_NO,SPROD_QTY,SPROD_SIZE,PROD_NO)
 VALUES(400307, 10, 270, 4000000024);
 INSERT INTO PROD_SIZE(SPROD_NO,SPROD_QTY,SPROD_SIZE,PROD_NO)
 VALUES(400308, 10, 275, 4000000024); 
 
--4000000025
 INSERT INTO PROD_SIZE(SPROD_NO,SPROD_QTY,SPROD_SIZE,PROD_NO)
 VALUES(400309, 10, 230, 4000000025);
 INSERT INTO PROD_SIZE(SPROD_NO,SPROD_QTY,SPROD_SIZE,PROD_NO)
 VALUES(400310, 10, 235, 4000000025); 
 INSERT INTO PROD_SIZE(SPROD_NO,SPROD_QTY,SPROD_SIZE,PROD_NO)
 VALUES(400311, 10, 240, 4000000025);
 INSERT INTO PROD_SIZE(SPROD_NO,SPROD_QTY,SPROD_SIZE,PROD_NO)
 VALUES(400312, 10, 245, 4000000025);
 INSERT INTO PROD_SIZE(SPROD_NO,SPROD_QTY,SPROD_SIZE,PROD_NO)
 VALUES(400313, 10, 250, 4000000025);
 INSERT INTO PROD_SIZE(SPROD_NO,SPROD_QTY,SPROD_SIZE,PROD_NO)
 VALUES(400314, 10, 255, 4000000025);
 INSERT INTO PROD_SIZE(SPROD_NO,SPROD_QTY,SPROD_SIZE,PROD_NO)
 VALUES(400315, 10, 260, 4000000025); 
 INSERT INTO PROD_SIZE(SPROD_NO,SPROD_QTY,SPROD_SIZE,PROD_NO)
 VALUES(400316, 10, 265, 4000000025);
 INSERT INTO PROD_SIZE(SPROD_NO,SPROD_QTY,SPROD_SIZE,PROD_NO)
 VALUES(400317, 10, 270, 4000000025);
 INSERT INTO PROD_SIZE(SPROD_NO,SPROD_QTY,SPROD_SIZE,PROD_NO)
 VALUES(400318, 10, 275, 4000000025);  
 INSERT INTO PROD_SIZE(SPROD_NO,SPROD_QTY,SPROD_SIZE,PROD_NO)
 VALUES(400319, 10, 280, 4000000025);
 INSERT INTO PROD_SIZE(SPROD_NO,SPROD_QTY,SPROD_SIZE,PROD_NO)
 VALUES(400320, 10, 285, 4000000025); 
 INSERT INTO PROD_SIZE(SPROD_NO,SPROD_QTY,SPROD_SIZE,PROD_NO)
 VALUES(400321, 10, 290, 4000000025); 
 
--4000000026
 INSERT INTO PROD_SIZE(SPROD_NO,SPROD_QTY,SPROD_SIZE,PROD_NO)
 VALUES(400322, 10, 220, 4000000026); 
 INSERT INTO PROD_SIZE(SPROD_NO,SPROD_QTY,SPROD_SIZE,PROD_NO)
 VALUES(400323, 10, 225, 4000000026); 
 INSERT INTO PROD_SIZE(SPROD_NO,SPROD_QTY,SPROD_SIZE,PROD_NO)
 VALUES(400324, 10, 230, 4000000026);
 INSERT INTO PROD_SIZE(SPROD_NO,SPROD_QTY,SPROD_SIZE,PROD_NO)
 VALUES(400325, 10, 235, 4000000026); 
 INSERT INTO PROD_SIZE(SPROD_NO,SPROD_QTY,SPROD_SIZE,PROD_NO)
 VALUES(400326, 10, 240, 4000000026);
 INSERT INTO PROD_SIZE(SPROD_NO,SPROD_QTY,SPROD_SIZE,PROD_NO)
 VALUES(400327, 10, 245, 4000000026);
 INSERT INTO PROD_SIZE(SPROD_NO,SPROD_QTY,SPROD_SIZE,PROD_NO)
 VALUES(400328, 10, 250, 4000000026);
 INSERT INTO PROD_SIZE(SPROD_NO,SPROD_QTY,SPROD_SIZE,PROD_NO)
 VALUES(400329, 10, 255, 4000000026);
 INSERT INTO PROD_SIZE(SPROD_NO,SPROD_QTY,SPROD_SIZE,PROD_NO)
 VALUES(400330, 10, 260, 4000000026); 
 INSERT INTO PROD_SIZE(SPROD_NO,SPROD_QTY,SPROD_SIZE,PROD_NO)
 VALUES(400331, 10, 265, 4000000026);
 INSERT INTO PROD_SIZE(SPROD_NO,SPROD_QTY,SPROD_SIZE,PROD_NO)
 VALUES(400332, 10, 270, 4000000026);
 INSERT INTO PROD_SIZE(SPROD_NO,SPROD_QTY,SPROD_SIZE,PROD_NO)
 VALUES(400333, 10, 275, 4000000026);  
 INSERT INTO PROD_SIZE(SPROD_NO,SPROD_QTY,SPROD_SIZE,PROD_NO)
 VALUES(400334, 10, 280, 4000000026);
 
--4000000027
 INSERT INTO PROD_SIZE(SPROD_NO,SPROD_QTY,SPROD_SIZE,PROD_NO)
 VALUES(400335, 10, 230, 4000000027);
 INSERT INTO PROD_SIZE(SPROD_NO,SPROD_QTY,SPROD_SIZE,PROD_NO)
 VALUES(400336, 10, 240, 4000000027);
 INSERT INTO PROD_SIZE(SPROD_NO,SPROD_QTY,SPROD_SIZE,PROD_NO)
 VALUES(400337, 10, 250, 4000000027);
 INSERT INTO PROD_SIZE(SPROD_NO,SPROD_QTY,SPROD_SIZE,PROD_NO)
 VALUES(400338, 10, 260, 4000000027); 
 INSERT INTO PROD_SIZE(SPROD_NO,SPROD_QTY,SPROD_SIZE,PROD_NO)
 VALUES(400339, 10, 270, 4000000027); 
 INSERT INTO PROD_SIZE(SPROD_NO,SPROD_QTY,SPROD_SIZE,PROD_NO)
 VALUES(400340, 10, 280, 4000000027); 
 
--4000000028
 INSERT INTO PROD_SIZE(SPROD_NO,SPROD_QTY,SPROD_SIZE,PROD_NO)
 VALUES(400341, 10, 250, 4000000028);
 INSERT INTO PROD_SIZE(SPROD_NO,SPROD_QTY,SPROD_SIZE,PROD_NO)
 VALUES(400342, 10, 255, 4000000028);
 INSERT INTO PROD_SIZE(SPROD_NO,SPROD_QTY,SPROD_SIZE,PROD_NO)
 VALUES(400343, 10, 260, 4000000028); 
 INSERT INTO PROD_SIZE(SPROD_NO,SPROD_QTY,SPROD_SIZE,PROD_NO)
 VALUES(400344, 10, 265, 4000000028);
 INSERT INTO PROD_SIZE(SPROD_NO,SPROD_QTY,SPROD_SIZE,PROD_NO)
 VALUES(400345, 10, 270, 4000000028);
 INSERT INTO PROD_SIZE(SPROD_NO,SPROD_QTY,SPROD_SIZE,PROD_NO)
 VALUES(400346, 10, 275, 4000000028);  
 INSERT INTO PROD_SIZE(SPROD_NO,SPROD_QTY,SPROD_SIZE,PROD_NO)
 VALUES(400347, 10, 280, 4000000028);
 
--4000000029
 INSERT INTO PROD_SIZE(SPROD_NO,SPROD_QTY,SPROD_SIZE,PROD_NO)
 VALUES(400348, 10, 250, 4000000029);
 INSERT INTO PROD_SIZE(SPROD_NO,SPROD_QTY,SPROD_SIZE,PROD_NO)
 VALUES(400349, 10, 255, 4000000029);
 INSERT INTO PROD_SIZE(SPROD_NO,SPROD_QTY,SPROD_SIZE,PROD_NO)
 VALUES(400350, 10, 260, 4000000029); 
 INSERT INTO PROD_SIZE(SPROD_NO,SPROD_QTY,SPROD_SIZE,PROD_NO)
 VALUES(400351, 10, 265, 4000000029);
 INSERT INTO PROD_SIZE(SPROD_NO,SPROD_QTY,SPROD_SIZE,PROD_NO)
 VALUES(400352, 10, 270, 4000000029);
 INSERT INTO PROD_SIZE(SPROD_NO,SPROD_QTY,SPROD_SIZE,PROD_NO)
 VALUES(400353, 10, 275, 4000000029);  
 INSERT INTO PROD_SIZE(SPROD_NO,SPROD_QTY,SPROD_SIZE,PROD_NO)
 VALUES(400354, 10, 280, 4000000029); 
 
--4000000030
 INSERT INTO PROD_SIZE(SPROD_NO,SPROD_QTY,SPROD_SIZE,PROD_NO)
 VALUES(400355, 10, 250, 4000000030);
 INSERT INTO PROD_SIZE(SPROD_NO,SPROD_QTY,SPROD_SIZE,PROD_NO)
 VALUES(400356, 10, 255, 4000000030);
 INSERT INTO PROD_SIZE(SPROD_NO,SPROD_QTY,SPROD_SIZE,PROD_NO)
 VALUES(400357, 10, 260, 4000000030); 
 INSERT INTO PROD_SIZE(SPROD_NO,SPROD_QTY,SPROD_SIZE,PROD_NO)
 VALUES(400358, 10, 265, 4000000030);
 INSERT INTO PROD_SIZE(SPROD_NO,SPROD_QTY,SPROD_SIZE,PROD_NO)
 VALUES(400359, 10, 270, 4000000030);
 INSERT INTO PROD_SIZE(SPROD_NO,SPROD_QTY,SPROD_SIZE,PROD_NO)
 VALUES(400360, 10, 275, 4000000030);  
 INSERT INTO PROD_SIZE(SPROD_NO,SPROD_QTY,SPROD_SIZE,PROD_NO)
 VALUES(400361, 10, 280, 4000000030); 
 
--4000000031
 INSERT INTO PROD_SIZE(SPROD_NO,SPROD_QTY,SPROD_SIZE,PROD_NO)
 VALUES(400362, 10, 250, 4000000031);
 INSERT INTO PROD_SIZE(SPROD_NO,SPROD_QTY,SPROD_SIZE,PROD_NO)
 VALUES(400363, 10, 255, 4000000031);
 INSERT INTO PROD_SIZE(SPROD_NO,SPROD_QTY,SPROD_SIZE,PROD_NO)
 VALUES(400364, 10, 260, 4000000031); 
 INSERT INTO PROD_SIZE(SPROD_NO,SPROD_QTY,SPROD_SIZE,PROD_NO)
 VALUES(400365, 10, 265, 4000000031);
 INSERT INTO PROD_SIZE(SPROD_NO,SPROD_QTY,SPROD_SIZE,PROD_NO)
 VALUES(400366, 10, 270, 4000000031);
 INSERT INTO PROD_SIZE(SPROD_NO,SPROD_QTY,SPROD_SIZE,PROD_NO)
 VALUES(400367, 10, 275, 4000000031);  
 INSERT INTO PROD_SIZE(SPROD_NO,SPROD_QTY,SPROD_SIZE,PROD_NO)
 VALUES(400368, 10, 280, 4000000031); 
 
--4000000032
 INSERT INTO PROD_SIZE(SPROD_NO,SPROD_QTY,SPROD_SIZE,PROD_NO)
 VALUES(400369, 10, 235, 4000000032); 
 INSERT INTO PROD_SIZE(SPROD_NO,SPROD_QTY,SPROD_SIZE,PROD_NO)
 VALUES(400370, 10, 245, 4000000032);
 INSERT INTO PROD_SIZE(SPROD_NO,SPROD_QTY,SPROD_SIZE,PROD_NO)
 VALUES(400371, 10, 255, 4000000032);
 INSERT INTO PROD_SIZE(SPROD_NO,SPROD_QTY,SPROD_SIZE,PROD_NO)
 VALUES(400372, 10, 265, 4000000032);
 INSERT INTO PROD_SIZE(SPROD_NO,SPROD_QTY,SPROD_SIZE,PROD_NO)
 VALUES(400373, 10, 275, 4000000032);
 INSERT INTO PROD_SIZE(SPROD_NO,SPROD_QTY,SPROD_SIZE,PROD_NO)
 VALUES(400374, 10, 285, 4000000032); 
 INSERT INTO PROD_SIZE(SPROD_NO,SPROD_QTY,SPROD_SIZE,PROD_NO)
 VALUES(400375, 10, 295, 4000000032);  
 
--4000000033
 INSERT INTO PROD_SIZE(SPROD_NO,SPROD_QTY,SPROD_SIZE,PROD_NO)
 VALUES(400376, 10, 235, 4000000033); 
 INSERT INTO PROD_SIZE(SPROD_NO,SPROD_QTY,SPROD_SIZE,PROD_NO)
 VALUES(400377, 10, 245, 4000000033);
 INSERT INTO PROD_SIZE(SPROD_NO,SPROD_QTY,SPROD_SIZE,PROD_NO)
 VALUES(400378, 10, 255, 4000000033);
 INSERT INTO PROD_SIZE(SPROD_NO,SPROD_QTY,SPROD_SIZE,PROD_NO)
 VALUES(400379, 10, 265, 4000000033);
 INSERT INTO PROD_SIZE(SPROD_NO,SPROD_QTY,SPROD_SIZE,PROD_NO)
 VALUES(400390, 10, 275, 4000000033);
 INSERT INTO PROD_SIZE(SPROD_NO,SPROD_QTY,SPROD_SIZE,PROD_NO)
 VALUES(400391, 10, 285, 4000000033); 
 INSERT INTO PROD_SIZE(SPROD_NO,SPROD_QTY,SPROD_SIZE,PROD_NO)
 VALUES(400392, 10, 295, 4000000033);  
 
--4000000034
 INSERT INTO PROD_SIZE(SPROD_NO,SPROD_QTY,SPROD_SIZE,PROD_NO)
 VALUES(400393, 10, 220, 4000000034); 
 INSERT INTO PROD_SIZE(SPROD_NO,SPROD_QTY,SPROD_SIZE,PROD_NO)
 VALUES(400394, 10, 230, 4000000034);
 INSERT INTO PROD_SIZE(SPROD_NO,SPROD_QTY,SPROD_SIZE,PROD_NO)
 VALUES(400395, 10, 240, 4000000034);
 INSERT INTO PROD_SIZE(SPROD_NO,SPROD_QTY,SPROD_SIZE,PROD_NO)
 VALUES(400396, 10, 250, 4000000034);
 INSERT INTO PROD_SIZE(SPROD_NO,SPROD_QTY,SPROD_SIZE,PROD_NO)
 VALUES(400397, 10, 260, 4000000034); 
 INSERT INTO PROD_SIZE(SPROD_NO,SPROD_QTY,SPROD_SIZE,PROD_NO)
 VALUES(400398, 10, 270, 4000000034); 
 INSERT INTO PROD_SIZE(SPROD_NO,SPROD_QTY,SPROD_SIZE,PROD_NO)
 VALUES(400399, 10, 280, 4000000034);
 INSERT INTO PROD_SIZE(SPROD_NO,SPROD_QTY,SPROD_SIZE,PROD_NO)
 VALUES(400400, 10, 290, 4000000034);  
 
--4000000035
 INSERT INTO PROD_SIZE(SPROD_NO,SPROD_QTY,SPROD_SIZE,PROD_NO)
 VALUES(400401, 10, 'S', 4000000035); 
 INSERT INTO PROD_SIZE(SPROD_NO,SPROD_QTY,SPROD_SIZE,PROD_NO)
 VALUES(400402, 10, 'M', 4000000035);
 INSERT INTO PROD_SIZE(SPROD_NO,SPROD_QTY,SPROD_SIZE,PROD_NO)
 VALUES(400403, 10, 'L', 4000000035);
 INSERT INTO PROD_SIZE(SPROD_NO,SPROD_QTY,SPROD_SIZE,PROD_NO)
 VALUES(400404, 10, 'XL', 4000000035); 
 
--4000000036
 INSERT INTO PROD_SIZE(SPROD_NO,SPROD_QTY,SPROD_SIZE,PROD_NO)
 VALUES(400405, 10, 'S', 4000000036); 
 INSERT INTO PROD_SIZE(SPROD_NO,SPROD_QTY,SPROD_SIZE,PROD_NO)
 VALUES(400406, 10, 'M', 4000000036);
 INSERT INTO PROD_SIZE(SPROD_NO,SPROD_QTY,SPROD_SIZE,PROD_NO)
 VALUES(400407, 10, 'L', 4000000036);
 INSERT INTO PROD_SIZE(SPROD_NO,SPROD_QTY,SPROD_SIZE,PROD_NO)
 VALUES(400408, 10, 'XL', 4000000036); 
 
--4000000037
 INSERT INTO PROD_SIZE(SPROD_NO,SPROD_QTY,SPROD_SIZE,PROD_NO)
 VALUES(400409, 10, 235, 4000000037); 
 INSERT INTO PROD_SIZE(SPROD_NO,SPROD_QTY,SPROD_SIZE,PROD_NO)
 VALUES(400410, 10, 245, 4000000037);
 INSERT INTO PROD_SIZE(SPROD_NO,SPROD_QTY,SPROD_SIZE,PROD_NO)
 VALUES(400411, 10, 255, 4000000037);
 INSERT INTO PROD_SIZE(SPROD_NO,SPROD_QTY,SPROD_SIZE,PROD_NO)
 VALUES(400412, 10, 265, 4000000037);
 INSERT INTO PROD_SIZE(SPROD_NO,SPROD_QTY,SPROD_SIZE,PROD_NO)
 VALUES(400413, 10, 275, 4000000037);
 INSERT INTO PROD_SIZE(SPROD_NO,SPROD_QTY,SPROD_SIZE,PROD_NO)
 VALUES(400414, 10, 285, 4000000037); 
 INSERT INTO PROD_SIZE(SPROD_NO,SPROD_QTY,SPROD_SIZE,PROD_NO)
 VALUES(400415, 10, 295, 4000000037);  
 
--4000000038
 INSERT INTO PROD_SIZE(SPROD_NO,SPROD_QTY,SPROD_SIZE,PROD_NO)
 VALUES(400416, 10, 235, 4000000038); 
 INSERT INTO PROD_SIZE(SPROD_NO,SPROD_QTY,SPROD_SIZE,PROD_NO)
 VALUES(400417, 10, 245, 4000000038);
 INSERT INTO PROD_SIZE(SPROD_NO,SPROD_QTY,SPROD_SIZE,PROD_NO)
 VALUES(400418, 10, 255, 4000000038);
 INSERT INTO PROD_SIZE(SPROD_NO,SPROD_QTY,SPROD_SIZE,PROD_NO)
 VALUES(400419, 10, 265, 4000000038);
 INSERT INTO PROD_SIZE(SPROD_NO,SPROD_QTY,SPROD_SIZE,PROD_NO)
 VALUES(400420, 10, 275, 4000000038);
 INSERT INTO PROD_SIZE(SPROD_NO,SPROD_QTY,SPROD_SIZE,PROD_NO)
 VALUES(400421, 10, 285, 4000000038); 
 INSERT INTO PROD_SIZE(SPROD_NO,SPROD_QTY,SPROD_SIZE,PROD_NO)
 VALUES(400422, 10, 295, 4000000038);  
 
--4000000039
 INSERT INTO PROD_SIZE(SPROD_NO,SPROD_QTY,SPROD_SIZE,PROD_NO)
 VALUES(400423, 10, 235, 4000000039); 
 INSERT INTO PROD_SIZE(SPROD_NO,SPROD_QTY,SPROD_SIZE,PROD_NO)
 VALUES(400424, 10, 245, 4000000039);
 INSERT INTO PROD_SIZE(SPROD_NO,SPROD_QTY,SPROD_SIZE,PROD_NO)
 VALUES(400425, 10, 255, 4000000039);
 INSERT INTO PROD_SIZE(SPROD_NO,SPROD_QTY,SPROD_SIZE,PROD_NO)
 VALUES(400426, 10, 265, 4000000039);
 INSERT INTO PROD_SIZE(SPROD_NO,SPROD_QTY,SPROD_SIZE,PROD_NO)
 VALUES(400427, 10, 275, 4000000039);
 INSERT INTO PROD_SIZE(SPROD_NO,SPROD_QTY,SPROD_SIZE,PROD_NO)
 VALUES(400428, 10, 285, 4000000039); 
 INSERT INTO PROD_SIZE(SPROD_NO,SPROD_QTY,SPROD_SIZE,PROD_NO)
 VALUES(400429, 10, 295, 4000000039);   
 
--4000000040
 INSERT INTO PROD_SIZE(SPROD_NO,SPROD_QTY,SPROD_SIZE,PROD_NO)
 VALUES(400430, 10, 230, 4000000040);
 INSERT INTO PROD_SIZE(SPROD_NO,SPROD_QTY,SPROD_SIZE,PROD_NO)
 VALUES(400431, 10, 240, 4000000040);
 INSERT INTO PROD_SIZE(SPROD_NO,SPROD_QTY,SPROD_SIZE,PROD_NO)
 VALUES(400432, 10, 250, 4000000040);
 INSERT INTO PROD_SIZE(SPROD_NO,SPROD_QTY,SPROD_SIZE,PROD_NO)
 VALUES(400433, 10, 260, 4000000040); 
 INSERT INTO PROD_SIZE(SPROD_NO,SPROD_QTY,SPROD_SIZE,PROD_NO)
 VALUES(400434, 10, 270, 4000000040); 
 INSERT INTO PROD_SIZE(SPROD_NO,SPROD_QTY,SPROD_SIZE,PROD_NO)
 VALUES(400435, 10, 280, 4000000040);
 INSERT INTO PROD_SIZE(SPROD_NO,SPROD_QTY,SPROD_SIZE,PROD_NO)
 VALUES(400436, 10, 290, 4000000040);  
 
--4000000041
 INSERT INTO PROD_SIZE(SPROD_NO,SPROD_QTY,SPROD_SIZE,PROD_NO)
 VALUES(400437, 10, 230, 4000000041);
 INSERT INTO PROD_SIZE(SPROD_NO,SPROD_QTY,SPROD_SIZE,PROD_NO)
 VALUES(400438, 10, 240, 4000000041);
 INSERT INTO PROD_SIZE(SPROD_NO,SPROD_QTY,SPROD_SIZE,PROD_NO)
 VALUES(400439, 10, 250, 4000000041);
 INSERT INTO PROD_SIZE(SPROD_NO,SPROD_QTY,SPROD_SIZE,PROD_NO)
 VALUES(400440, 10, 260, 4000000041); 
 INSERT INTO PROD_SIZE(SPROD_NO,SPROD_QTY,SPROD_SIZE,PROD_NO)
 VALUES(400441, 10, 270, 4000000041); 
 INSERT INTO PROD_SIZE(SPROD_NO,SPROD_QTY,SPROD_SIZE,PROD_NO)
 VALUES(400442, 10, 280, 4000000041);
 INSERT INTO PROD_SIZE(SPROD_NO,SPROD_QTY,SPROD_SIZE,PROD_NO)
 VALUES(400443, 10, 290, 4000000041);  
 
--4000000042
 INSERT INTO PROD_SIZE(SPROD_NO,SPROD_QTY,SPROD_SIZE,PROD_NO)
 VALUES(400444, 10, 230, 4000000042);
 INSERT INTO PROD_SIZE(SPROD_NO,SPROD_QTY,SPROD_SIZE,PROD_NO)
 VALUES(400445, 10, 240, 4000000042);
 INSERT INTO PROD_SIZE(SPROD_NO,SPROD_QTY,SPROD_SIZE,PROD_NO)
 VALUES(400446, 10, 250, 4000000042);
 INSERT INTO PROD_SIZE(SPROD_NO,SPROD_QTY,SPROD_SIZE,PROD_NO)
 VALUES(400447, 10, 260, 4000000042); 
 INSERT INTO PROD_SIZE(SPROD_NO,SPROD_QTY,SPROD_SIZE,PROD_NO)
 VALUES(400448, 10, 270, 4000000042); 
 INSERT INTO PROD_SIZE(SPROD_NO,SPROD_QTY,SPROD_SIZE,PROD_NO)
 VALUES(400449, 10, 280, 4000000042);
 INSERT INTO PROD_SIZE(SPROD_NO,SPROD_QTY,SPROD_SIZE,PROD_NO)
 VALUES(400450, 10, 290, 4000000042);   
 
--4000000043
 INSERT INTO PROD_SIZE(SPROD_NO,SPROD_QTY,SPROD_SIZE,PROD_NO)
 VALUES(400451, 10, 230, 4000000043);
 INSERT INTO PROD_SIZE(SPROD_NO,SPROD_QTY,SPROD_SIZE,PROD_NO)
 VALUES(400452, 10, 240, 4000000043);
 INSERT INTO PROD_SIZE(SPROD_NO,SPROD_QTY,SPROD_SIZE,PROD_NO)
 VALUES(400453, 10, 250, 4000000043);
 INSERT INTO PROD_SIZE(SPROD_NO,SPROD_QTY,SPROD_SIZE,PROD_NO)
 VALUES(400454, 10, 260, 4000000043); 
 INSERT INTO PROD_SIZE(SPROD_NO,SPROD_QTY,SPROD_SIZE,PROD_NO)
 VALUES(400455, 10, 270, 4000000043); 
 INSERT INTO PROD_SIZE(SPROD_NO,SPROD_QTY,SPROD_SIZE,PROD_NO)
 VALUES(400456, 10, 280, 4000000043);
 INSERT INTO PROD_SIZE(SPROD_NO,SPROD_QTY,SPROD_SIZE,PROD_NO)
 VALUES(400457, 10, 290, 4000000043);  
 
--4000000044
 INSERT INTO PROD_SIZE(SPROD_NO,SPROD_QTY,SPROD_SIZE,PROD_NO)
 VALUES(400458, 10, 230, 4000000044);
 INSERT INTO PROD_SIZE(SPROD_NO,SPROD_QTY,SPROD_SIZE,PROD_NO)
 VALUES(400459, 10, 240, 4000000044);
 INSERT INTO PROD_SIZE(SPROD_NO,SPROD_QTY,SPROD_SIZE,PROD_NO)
 VALUES(400460, 10, 250, 4000000044);
 INSERT INTO PROD_SIZE(SPROD_NO,SPROD_QTY,SPROD_SIZE,PROD_NO)
 VALUES(400461, 10, 260, 4000000044); 
 INSERT INTO PROD_SIZE(SPROD_NO,SPROD_QTY,SPROD_SIZE,PROD_NO)
 VALUES(400462, 10, 270, 4000000044); 
 INSERT INTO PROD_SIZE(SPROD_NO,SPROD_QTY,SPROD_SIZE,PROD_NO)
 VALUES(400463, 10, 280, 4000000044);
 INSERT INTO PROD_SIZE(SPROD_NO,SPROD_QTY,SPROD_SIZE,PROD_NO)
 VALUES(400464, 10, 290, 4000000044);  
 
--4000000045
 INSERT INTO PROD_SIZE(SPROD_NO,SPROD_QTY,SPROD_SIZE,PROD_NO)
 VALUES(400465, 10, 230, 4000000044);
 INSERT INTO PROD_SIZE(SPROD_NO,SPROD_QTY,SPROD_SIZE,PROD_NO)
 VALUES(400466, 10, 240, 4000000044);
 INSERT INTO PROD_SIZE(SPROD_NO,SPROD_QTY,SPROD_SIZE,PROD_NO)
 VALUES(400467, 10, 250, 4000000044);
 INSERT INTO PROD_SIZE(SPROD_NO,SPROD_QTY,SPROD_SIZE,PROD_NO)
 VALUES(400468, 10, 260, 4000000044); 
 INSERT INTO PROD_SIZE(SPROD_NO,SPROD_QTY,SPROD_SIZE,PROD_NO)
 VALUES(400469, 10, 270, 4000000044); 
 INSERT INTO PROD_SIZE(SPROD_NO,SPROD_QTY,SPROD_SIZE,PROD_NO)
 VALUES(400470, 10, 280, 4000000044);
 INSERT INTO PROD_SIZE(SPROD_NO,SPROD_QTY,SPROD_SIZE,PROD_NO)
 VALUES(400471, 10, 290, 4000000044);  
 
--4000000046
 INSERT INTO PROD_SIZE(SPROD_NO,SPROD_QTY,SPROD_SIZE,PROD_NO)
 VALUES(400472, 10, 230, 4000000046);
 INSERT INTO PROD_SIZE(SPROD_NO,SPROD_QTY,SPROD_SIZE,PROD_NO)
 VALUES(400473, 10, 240, 4000000046);
 INSERT INTO PROD_SIZE(SPROD_NO,SPROD_QTY,SPROD_SIZE,PROD_NO)
 VALUES(400474, 10, 250, 4000000046);
 INSERT INTO PROD_SIZE(SPROD_NO,SPROD_QTY,SPROD_SIZE,PROD_NO)
 VALUES(400475, 10, 260, 4000000046); 
 INSERT INTO PROD_SIZE(SPROD_NO,SPROD_QTY,SPROD_SIZE,PROD_NO)
 VALUES(400476, 10, 270, 4000000046); 
 INSERT INTO PROD_SIZE(SPROD_NO,SPROD_QTY,SPROD_SIZE,PROD_NO)
 VALUES(400477, 10, 280, 4000000046);
 INSERT INTO PROD_SIZE(SPROD_NO,SPROD_QTY,SPROD_SIZE,PROD_NO)
 VALUES(400478, 10, 290, 4000000046);  
 
--4000000047
 INSERT INTO PROD_SIZE(SPROD_NO,SPROD_QTY,SPROD_SIZE,PROD_NO)
 VALUES(400479, 10, 230, 4000000047);
 INSERT INTO PROD_SIZE(SPROD_NO,SPROD_QTY,SPROD_SIZE,PROD_NO)
 VALUES(400480, 10, 240, 4000000047);
 INSERT INTO PROD_SIZE(SPROD_NO,SPROD_QTY,SPROD_SIZE,PROD_NO)
 VALUES(400481, 10, 250, 4000000047);
 INSERT INTO PROD_SIZE(SPROD_NO,SPROD_QTY,SPROD_SIZE,PROD_NO)
 VALUES(400482, 10, 260, 4000000047); 
 INSERT INTO PROD_SIZE(SPROD_NO,SPROD_QTY,SPROD_SIZE,PROD_NO)
 VALUES(400483, 10, 270, 4000000047); 
 INSERT INTO PROD_SIZE(SPROD_NO,SPROD_QTY,SPROD_SIZE,PROD_NO)
 VALUES(400484, 10, 280, 4000000047);
 INSERT INTO PROD_SIZE(SPROD_NO,SPROD_QTY,SPROD_SIZE,PROD_NO)
 VALUES(400485, 10, 290, 4000000047);  

--4000000048
 INSERT INTO PROD_SIZE(SPROD_NO,SPROD_QTY,SPROD_SIZE,PROD_NO)
 VALUES(400486, 10, 'FREE', 4000000048); 
 
--4000000049
 INSERT INTO PROD_SIZE(SPROD_NO,SPROD_QTY,SPROD_SIZE,PROD_NO)
 VALUES(400487, 10, 'FREE', 4000000049);
 
--4000000050
 INSERT INTO PROD_SIZE(SPROD_NO,SPROD_QTY,SPROD_SIZE,PROD_NO)
 VALUES(400488, 10, 'FREE', 4000000050); 
 
 COMMIT;
 
 --쿠폰
 --BRONZE
INSERT INTO COUPONS(COUPON_NO,COUPON_NAME) VALUES(10001,'BRONZE COUPON');
INSERT INTO COUPONS(COUPON_NO,COUPON_NAME) VALUES(10002,'BRONZE COUPON');
INSERT INTO COUPONS(COUPON_NO,COUPON_NAME) VALUES(10003,'BRONZE COUPON');
INSERT INTO COUPONS(COUPON_NO,COUPON_NAME) VALUES(10004,'BRONZE COUPON');
INSERT INTO COUPONS(COUPON_NO,COUPON_NAME) VALUES(10005,'BRONZE COUPON');
INSERT INTO COUPONS(COUPON_NO,COUPON_NAME) VALUES(10006,'BRONZE COUPON');
INSERT INTO COUPONS(COUPON_NO,COUPON_NAME) VALUES(10007,'BRONZE COUPON');
INSERT INTO COUPONS(COUPON_NO,COUPON_NAME) VALUES(10008,'BRONZE COUPON');
INSERT INTO COUPONS(COUPON_NO,COUPON_NAME) VALUES(10009,'BRONZE COUPON');
INSERT INTO COUPONS(COUPON_NO,COUPON_NAME) VALUES(10010,'BRONZE COUPON');

INSERT INTO COUPONS(COUPON_NO,COUPON_NAME) VALUES(10011,'BRONZE COUPON');
INSERT INTO COUPONS(COUPON_NO,COUPON_NAME) VALUES(10012,'BRONZE COUPON');
INSERT INTO COUPONS(COUPON_NO,COUPON_NAME) VALUES(10013,'BRONZE COUPON');
INSERT INTO COUPONS(COUPON_NO,COUPON_NAME) VALUES(10014,'BRONZE COUPON');
INSERT INTO COUPONS(COUPON_NO,COUPON_NAME) VALUES(10015,'BRONZE COUPON');
INSERT INTO COUPONS(COUPON_NO,COUPON_NAME) VALUES(10016,'BRONZE COUPON');
INSERT INTO COUPONS(COUPON_NO,COUPON_NAME) VALUES(10017,'BRONZE COUPON');
INSERT INTO COUPONS(COUPON_NO,COUPON_NAME) VALUES(10018,'BRONZE COUPON');
INSERT INTO COUPONS(COUPON_NO,COUPON_NAME) VALUES(10019,'BRONZE COUPON');
INSERT INTO COUPONS(COUPON_NO,COUPON_NAME) VALUES(10020,'BRONZE COUPON');

--SILVER
INSERT INTO COUPONS(COUPON_NO,COUPON_NAME) VALUES(20001,'SILVER COUPON');
INSERT INTO COUPONS(COUPON_NO,COUPON_NAME) VALUES(20002,'SILVER COUPON');
INSERT INTO COUPONS(COUPON_NO,COUPON_NAME) VALUES(20003,'SILVER COUPON');
INSERT INTO COUPONS(COUPON_NO,COUPON_NAME) VALUES(20004,'SILVER COUPON');
INSERT INTO COUPONS(COUPON_NO,COUPON_NAME) VALUES(20005,'SILVER COUPON');
INSERT INTO COUPONS(COUPON_NO,COUPON_NAME) VALUES(20006,'SILVER COUPON');
INSERT INTO COUPONS(COUPON_NO,COUPON_NAME) VALUES(20007,'SILVER COUPON');
INSERT INTO COUPONS(COUPON_NO,COUPON_NAME) VALUES(20008,'SILVER COUPON');
INSERT INTO COUPONS(COUPON_NO,COUPON_NAME) VALUES(20009,'SILVER COUPON');
INSERT INTO COUPONS(COUPON_NO,COUPON_NAME) VALUES(20010,'SILVER COUPON');

INSERT INTO COUPONS(COUPON_NO,COUPON_NAME) VALUES(20011,'SILVER COUPON');
INSERT INTO COUPONS(COUPON_NO,COUPON_NAME) VALUES(20012,'SILVER COUPON');
INSERT INTO COUPONS(COUPON_NO,COUPON_NAME) VALUES(20013,'SILVER COUPON');
INSERT INTO COUPONS(COUPON_NO,COUPON_NAME) VALUES(20014,'SILVER COUPON');
INSERT INTO COUPONS(COUPON_NO,COUPON_NAME) VALUES(20015,'SILVER COUPON');
INSERT INTO COUPONS(COUPON_NO,COUPON_NAME) VALUES(20016,'SILVER COUPON');
INSERT INTO COUPONS(COUPON_NO,COUPON_NAME) VALUES(20017,'SILVER COUPON');
INSERT INTO COUPONS(COUPON_NO,COUPON_NAME) VALUES(20018,'SILVER COUPON');
INSERT INTO COUPONS(COUPON_NO,COUPON_NAME) VALUES(20019,'SILVER COUPON');
INSERT INTO COUPONS(COUPON_NO,COUPON_NAME) VALUES(20020,'SILVER COUPON');

--GOLD 
INSERT INTO COUPONS(COUPON_NO,COUPON_NAME) VALUES(30001,'GOLD COUPON');
INSERT INTO COUPONS(COUPON_NO,COUPON_NAME) VALUES(30002,'GOLD COUPON');
INSERT INTO COUPONS(COUPON_NO,COUPON_NAME) VALUES(30003,'GOLD COUPON');
INSERT INTO COUPONS(COUPON_NO,COUPON_NAME) VALUES(30004,'GOLD COUPON');
INSERT INTO COUPONS(COUPON_NO,COUPON_NAME) VALUES(30005,'GOLD COUPON');
INSERT INTO COUPONS(COUPON_NO,COUPON_NAME) VALUES(30006,'GOLD COUPON');
INSERT INTO COUPONS(COUPON_NO,COUPON_NAME) VALUES(30007,'GOLD COUPON');
INSERT INTO COUPONS(COUPON_NO,COUPON_NAME) VALUES(30008,'GOLD COUPON');
INSERT INTO COUPONS(COUPON_NO,COUPON_NAME) VALUES(30009,'GOLD COUPON');
INSERT INTO COUPONS(COUPON_NO,COUPON_NAME) VALUES(30010,'GOLD COUPON');

INSERT INTO COUPONS(COUPON_NO,COUPON_NAME) VALUES(30011,'GOLD COUPON');
INSERT INTO COUPONS(COUPON_NO,COUPON_NAME) VALUES(30012,'GOLD COUPON');
INSERT INTO COUPONS(COUPON_NO,COUPON_NAME) VALUES(30013,'GOLD COUPON');
INSERT INTO COUPONS(COUPON_NO,COUPON_NAME) VALUES(30014,'GOLD COUPON');
INSERT INTO COUPONS(COUPON_NO,COUPON_NAME) VALUES(30015,'GOLD COUPON');
INSERT INTO COUPONS(COUPON_NO,COUPON_NAME) VALUES(30016,'GOLD COUPON');
INSERT INTO COUPONS(COUPON_NO,COUPON_NAME) VALUES(30017,'GOLD COUPON');
INSERT INTO COUPONS(COUPON_NO,COUPON_NAME) VALUES(30018,'GOLD COUPON');
INSERT INTO COUPONS(COUPON_NO,COUPON_NAME) VALUES(30019,'GOLD COUPON');
INSERT INTO COUPONS(COUPON_NO,COUPON_NAME) VALUES(30020,'GOLD COUPON');
COMMIT;

INSERT INTO PAY_TYPE(PAY_TCODE,PAY_TNAME) VALUES('A001', '무통장입금');
INSERT INTO PAY_TYPE(PAY_TCODE,PAY_TNAME) VALUES('B001', '카드');
